insert into SistemaSolar (IdSistemaSolar, NombreSistema, PlanetasNoHabitables, Soles) values (50531553963195521588, '9lL33462oqV3g', 11, 1);
insert into SistemaSolar (IdSistemaSolar, NombreSistema, PlanetasNoHabitables, Soles) values (76163915075494314048, 'Tb4Qi1F8', 16, 2);
insert into SistemaSolar (IdSistemaSolar, NombreSistema, PlanetasNoHabitables, Soles) values (32834097087910833699, 'V26eNU45xRxX41WUx9wM3', 9, 2);
insert into SistemaSolar (IdSistemaSolar, NombreSistema, PlanetasNoHabitables, Soles) values (86085283531307187206, 'N08GJz8C6df9Oc7Trt', 4, 2);
insert into SistemaSolar (IdSistemaSolar, NombreSistema, PlanetasNoHabitables, Soles) values (40638971699323666438, 'vE0OrCv6RHK0Y', 11, 3);
insert into SistemaSolar (IdSistemaSolar, NombreSistema, PlanetasNoHabitables, Soles) values (42855443721023716691, 'ELFwHb18', 16, 1);
insert into SistemaSolar (IdSistemaSolar, NombreSistema, PlanetasNoHabitables, Soles) values (43335678331767679212, '084L5JhRbL6An07rv7E53766m', 19, 1);
insert into SistemaSolar (IdSistemaSolar, NombreSistema, PlanetasNoHabitables, Soles) values (01638611863697959359, 'J5', 18, 3);
insert into SistemaSolar (IdSistemaSolar, NombreSistema, PlanetasNoHabitables, Soles) values (11287655313690713911, '0cqYwNa4i277Pz9jljfoR5h', 17, 3);
insert into SistemaSolar (IdSistemaSolar, NombreSistema, PlanetasNoHabitables, Soles) values (11046033310311403667, 'Ht94P0Ci4Vpcw', 14, 3);
insert into SistemaSolar (IdSistemaSolar, NombreSistema, PlanetasNoHabitables, Soles) values (54465153054308071075, '5eQ78SxCgAq5aTyt3AhiPH0', 2, 3);
insert into SistemaSolar (IdSistemaSolar, NombreSistema, PlanetasNoHabitables, Soles) values (55608006532735042992, '22Re2SQHHJFCwAn3TO', 3, 3);
insert into SistemaSolar (IdSistemaSolar, NombreSistema, PlanetasNoHabitables, Soles) values (65041662916622044259, 'QEHw1438t25c4AowdW0o5L18oi3Yr', 16, 1);
insert into SistemaSolar (IdSistemaSolar, NombreSistema, PlanetasNoHabitables, Soles) values (05535725369514945655, 'S', 20, 1);
insert into SistemaSolar (IdSistemaSolar, NombreSistema, PlanetasNoHabitables, Soles) values (13601922776309081847, '8X2vG4p', 1, 1);
insert into SistemaSolar (IdSistemaSolar, NombreSistema, PlanetasNoHabitables, Soles) values (64178449326366665509, '2xLeUy', 19, 2);
insert into SistemaSolar (IdSistemaSolar, NombreSistema, PlanetasNoHabitables, Soles) values (62155216590346752203, '9uxrdLU6gAi0u0v6iJtnDR', 6, 3);
insert into SistemaSolar (IdSistemaSolar, NombreSistema, PlanetasNoHabitables, Soles) values (33845525595604158858, '5UozuRCqW5f', 11, 3);
insert into SistemaSolar (IdSistemaSolar, NombreSistema, PlanetasNoHabitables, Soles) values (95390754857680642742, 'l1', 16, 1);
insert into SistemaSolar (IdSistemaSolar, NombreSistema, PlanetasNoHabitables, Soles) values (80359325774979381147, 'vzF9au', 14, 3);
insert into SistemaSolar (IdSistemaSolar, NombreSistema, PlanetasNoHabitables, Soles) values (26583907636255261459, '7jJ8CnzJwgq60i246BV', 9, 2);
insert into SistemaSolar (IdSistemaSolar, NombreSistema, PlanetasNoHabitables, Soles) values (50164274371955820328, 'D8ot129', 10, 1);
insert into SistemaSolar (IdSistemaSolar, NombreSistema, PlanetasNoHabitables, Soles) values (55053833296182309598, '3Z87iFEaiM3yEEc1d1D23c8RD1', 17, 1);
insert into SistemaSolar (IdSistemaSolar, NombreSistema, PlanetasNoHabitables, Soles) values (32486161940874134764, 'E8hEF1VgPefGy0rqMHO', 6, 2);
insert into SistemaSolar (IdSistemaSolar, NombreSistema, PlanetasNoHabitables, Soles) values (36009495037493587469, 'ib', 4, 3);
insert into SistemaSolar (IdSistemaSolar, NombreSistema, PlanetasNoHabitables, Soles) values (98813800856385143238, 'PW', 20, 3);
insert into SistemaSolar (IdSistemaSolar, NombreSistema, PlanetasNoHabitables, Soles) values (55041147870136463390, 'L67zk8PyY', 9, 1);
insert into SistemaSolar (IdSistemaSolar, NombreSistema, PlanetasNoHabitables, Soles) values (58922166582114214268, 'k3792onICGaaLfxD3V94Yb', 1, 2);
insert into SistemaSolar (IdSistemaSolar, NombreSistema, PlanetasNoHabitables, Soles) values (49005937608739850196, 'HBx3sOb5nTXR6tHBza3fwTx', 18, 3);
insert into SistemaSolar (IdSistemaSolar, NombreSistema, PlanetasNoHabitables, Soles) values (10492662993195477035, 'R65v1DFPSeeNpS391Oz3CU0', 3, 3);
insert into SistemaSolar (IdSistemaSolar, NombreSistema, PlanetasNoHabitables, Soles) values (99442069778410448582, 'Xqq366EsqcyIWTvUnMpI6F9vrWv3TK', 19, 2);
insert into SistemaSolar (IdSistemaSolar, NombreSistema, PlanetasNoHabitables, Soles) values (95265226213697145027, 'iozQR', 7, 3);
insert into SistemaSolar (IdSistemaSolar, NombreSistema, PlanetasNoHabitables, Soles) values (96146598219980526579, 'm2Q7N3EtdZJ', 17, 3);
insert into SistemaSolar (IdSistemaSolar, NombreSistema, PlanetasNoHabitables, Soles) values (86328347980610373838, 'WsOJvTBw4UD4ca9', 6, 2);
insert into SistemaSolar (IdSistemaSolar, NombreSistema, PlanetasNoHabitables, Soles) values (61853659926703495272, 'NfqmH1513Wm5aOyjFHmHEUuP8d4t8', 9, 2);
insert into SistemaSolar (IdSistemaSolar, NombreSistema, PlanetasNoHabitables, Soles) values (35713118431267961797, '4fyhqQB1fO5FQp6BQvOud', 9, 1);
insert into SistemaSolar (IdSistemaSolar, NombreSistema, PlanetasNoHabitables, Soles) values (37480428774418160150, '5', 3, 3);
insert into SistemaSolar (IdSistemaSolar, NombreSistema, PlanetasNoHabitables, Soles) values (11781002874267666229, 'I2SrSKq88p3Jp6Qk3f', 18, 3);
insert into SistemaSolar (IdSistemaSolar, NombreSistema, PlanetasNoHabitables, Soles) values (29125619325849344450, 'PEZAK2v4', 18, 3);
insert into SistemaSolar (IdSistemaSolar, NombreSistema, PlanetasNoHabitables, Soles) values (63697603784921525765, 'klE3HG7z2UlT7W', 3, 3);
insert into SistemaSolar (IdSistemaSolar, NombreSistema, PlanetasNoHabitables, Soles) values (46866255509952859259, '9B6T15VWD0x', 19, 1);
insert into SistemaSolar (IdSistemaSolar, NombreSistema, PlanetasNoHabitables, Soles) values (43530544223289826019, 'vTiR72li80in0QTR24M0IG7tcl8gQ2', 7, 1);
insert into SistemaSolar (IdSistemaSolar, NombreSistema, PlanetasNoHabitables, Soles) values (93919750078341590324, '8g03y23V6mqP104U60C7co4T9Dk', 12, 3);
insert into SistemaSolar (IdSistemaSolar, NombreSistema, PlanetasNoHabitables, Soles) values (49987813334314251012, 's5LRhrZ6OG4vF3xbxj24MC0rI1Vu3h', 11, 2);
insert into SistemaSolar (IdSistemaSolar, NombreSistema, PlanetasNoHabitables, Soles) values (90156519704538682211, '38975mLc', 6, 2);
insert into SistemaSolar (IdSistemaSolar, NombreSistema, PlanetasNoHabitables, Soles) values (50378977325765381072, '7kH7gOTv7rrq5DuHk', 15, 1);
insert into SistemaSolar (IdSistemaSolar, NombreSistema, PlanetasNoHabitables, Soles) values (66502248962758310734, 'H8Ry4pt6qihlJ7Z06kM7', 6, 2);
insert into SistemaSolar (IdSistemaSolar, NombreSistema, PlanetasNoHabitables, Soles) values (54605763363732677143, '7X6pGfi3r8c7LOW', 13, 1);
insert into SistemaSolar (IdSistemaSolar, NombreSistema, PlanetasNoHabitables, Soles) values (61783401748946620360, 'fSC86u', 5, 3);
insert into SistemaSolar (IdSistemaSolar, NombreSistema, PlanetasNoHabitables, Soles) values (91713221816930152637, 'L8YgAq2C3DZil8lEiDP', 18, 2);
insert into SistemaSolar (IdSistemaSolar, NombreSistema, PlanetasNoHabitables, Soles) values (74124295801511849848, 'AL5ch', 19, 2);
insert into SistemaSolar (IdSistemaSolar, NombreSistema, PlanetasNoHabitables, Soles) values (26391324175838571807, '7c0aEm81G', 16, 1);
insert into SistemaSolar (IdSistemaSolar, NombreSistema, PlanetasNoHabitables, Soles) values (24816161178736437827, '1094QyY0nf1xaV40m0Y6vP1Z9', 17, 1);
insert into SistemaSolar (IdSistemaSolar, NombreSistema, PlanetasNoHabitables, Soles) values (92690815646981415410, 'gM093KMD7oaZ76X6kN6EQBtoJFb', 16, 3);
insert into SistemaSolar (IdSistemaSolar, NombreSistema, PlanetasNoHabitables, Soles) values (27469541653369489540, '4766r', 3, 3);
insert into SistemaSolar (IdSistemaSolar, NombreSistema, PlanetasNoHabitables, Soles) values (31801217924202266544, '19eDv9iHoO9J7167R39Y400011siN2', 9, 1);
insert into SistemaSolar (IdSistemaSolar, NombreSistema, PlanetasNoHabitables, Soles) values (26359923851471749307, 'XvPhW0Gn2OG3aPK9vEP21Y', 20, 1);
insert into SistemaSolar (IdSistemaSolar, NombreSistema, PlanetasNoHabitables, Soles) values (68800257902563870191, 'v8ZA9Zi4WOai18uzSm6hyD4', 5, 3);
insert into SistemaSolar (IdSistemaSolar, NombreSistema, PlanetasNoHabitables, Soles) values (55279535897164239101, 'jwv4ELv2NolHpJ8XwcFKCs', 13, 1);
insert into SistemaSolar (IdSistemaSolar, NombreSistema, PlanetasNoHabitables, Soles) values (91299434053718480197, '5Q92k05n3zclQ5IZu9wgF8XD', 8, 1);
insert into SistemaSolar (IdSistemaSolar, NombreSistema, PlanetasNoHabitables, Soles) values (69185262122636488970, '0jx3j36', 20, 3);
insert into SistemaSolar (IdSistemaSolar, NombreSistema, PlanetasNoHabitables, Soles) values (72920895759211318933, 'RUC8qcHdjcmc4dZCub8', 15, 2);
insert into SistemaSolar (IdSistemaSolar, NombreSistema, PlanetasNoHabitables, Soles) values (09604126206297227801, 'Do1G1qplG', 14, 1);
insert into SistemaSolar (IdSistemaSolar, NombreSistema, PlanetasNoHabitables, Soles) values (39491377348078006872, '0wZOZ2wVQlV5NSf75KrvA9kFD9F', 20, 1);
insert into SistemaSolar (IdSistemaSolar, NombreSistema, PlanetasNoHabitables, Soles) values (71596403134454721067, 'kStlhybqC4rlEYQFJJuliXFs', 4, 1);
insert into SistemaSolar (IdSistemaSolar, NombreSistema, PlanetasNoHabitables, Soles) values (60986538460297555234, 'be9euMD', 2, 3);
insert into SistemaSolar (IdSistemaSolar, NombreSistema, PlanetasNoHabitables, Soles) values (75677346472429474533, 'cLNzj3', 3, 1);
insert into SistemaSolar (IdSistemaSolar, NombreSistema, PlanetasNoHabitables, Soles) values (39515897508826155528, 'zj5w931gja4lh3O5gS7i4d4Hw', 4, 1);
insert into SistemaSolar (IdSistemaSolar, NombreSistema, PlanetasNoHabitables, Soles) values (18676049975442347033, 't9L26d1x3PZ6lPCXF70D1m', 4, 1);
insert into SistemaSolar (IdSistemaSolar, NombreSistema, PlanetasNoHabitables, Soles) values (05276746220106631290, '8E4NJwxWz57OG1ZtInqHc', 7, 3);
insert into SistemaSolar (IdSistemaSolar, NombreSistema, PlanetasNoHabitables, Soles) values (64468621298737944693, 'xdFYZ7WJw7T', 18, 3);
insert into SistemaSolar (IdSistemaSolar, NombreSistema, PlanetasNoHabitables, Soles) values (74876651280574456669, 'C5lbr116APf619bv', 15, 3);
insert into SistemaSolar (IdSistemaSolar, NombreSistema, PlanetasNoHabitables, Soles) values (43727451903035433120, '0JI4I931Xj9Cdp2RLpyQ', 5, 3);
insert into SistemaSolar (IdSistemaSolar, NombreSistema, PlanetasNoHabitables, Soles) values (47415564184533453090, 'AV3M1', 12, 3);
insert into SistemaSolar (IdSistemaSolar, NombreSistema, PlanetasNoHabitables, Soles) values (59179780084372355994, '3KF3yeU0ygAYUPzOI', 16, 3);
insert into SistemaSolar (IdSistemaSolar, NombreSistema, PlanetasNoHabitables, Soles) values (91950690168080961661, '665TJbBxlH9AN91', 4, 2);
insert into SistemaSolar (IdSistemaSolar, NombreSistema, PlanetasNoHabitables, Soles) values (00520817003907501527, 'wCclnpS', 11, 3);
insert into SistemaSolar (IdSistemaSolar, NombreSistema, PlanetasNoHabitables, Soles) values (38436211997335356968, 'SATcKiUjM5Iqu9j6AqiE414S0ZME19', 17, 3);
insert into SistemaSolar (IdSistemaSolar, NombreSistema, PlanetasNoHabitables, Soles) values (68576754627228998185, 'Q0inrNKwV2Mc8cnulEpZ', 11, 3);
insert into SistemaSolar (IdSistemaSolar, NombreSistema, PlanetasNoHabitables, Soles) values (08995122693055741599, 'cVV90yj11lW56nK', 16, 3);
insert into SistemaSolar (IdSistemaSolar, NombreSistema, PlanetasNoHabitables, Soles) values (99889042301612234771, '2ExtO0Z73R6W', 6, 1);
insert into SistemaSolar (IdSistemaSolar, NombreSistema, PlanetasNoHabitables, Soles) values (95537160043534318839, 'w7xXT6Z', 7, 1);
insert into SistemaSolar (IdSistemaSolar, NombreSistema, PlanetasNoHabitables, Soles) values (40248563556756667321, '1464', 10, 3);
insert into SistemaSolar (IdSistemaSolar, NombreSistema, PlanetasNoHabitables, Soles) values (68102428106729283279, 'cV3Zg0K8y5x2Yy5', 18, 2);
insert into SistemaSolar (IdSistemaSolar, NombreSistema, PlanetasNoHabitables, Soles) values (10389605838920279909, 'T18pXL5tpxkYc', 5, 3);
insert into SistemaSolar (IdSistemaSolar, NombreSistema, PlanetasNoHabitables, Soles) values (29476910756449786028, '6KF0G3', 9, 2);
insert into SistemaSolar (IdSistemaSolar, NombreSistema, PlanetasNoHabitables, Soles) values (93382071497192712647, 'Yl492i', 13, 2);
insert into SistemaSolar (IdSistemaSolar, NombreSistema, PlanetasNoHabitables, Soles) values (30711025693944845936, 'M88z6057mxEHLB5jsVU8G7ME3Z', 8, 1);
insert into SistemaSolar (IdSistemaSolar, NombreSistema, PlanetasNoHabitables, Soles) values (13106833943549074361, 'O37yV9rORo2QvLJpu', 9, 1);
insert into SistemaSolar (IdSistemaSolar, NombreSistema, PlanetasNoHabitables, Soles) values (86519076666461333965, 'b4ucji2C6U4UBi', 14, 3);
insert into SistemaSolar (IdSistemaSolar, NombreSistema, PlanetasNoHabitables, Soles) values (23997185711313095161, '4BSpc0k6i6P38qC39fQy', 20, 1);
insert into SistemaSolar (IdSistemaSolar, NombreSistema, PlanetasNoHabitables, Soles) values (53290482257632559144, 'koWe0L10', 13, 3);
insert into SistemaSolar (IdSistemaSolar, NombreSistema, PlanetasNoHabitables, Soles) values (73353845952554790868, '8X38xd', 11, 3);
insert into SistemaSolar (IdSistemaSolar, NombreSistema, PlanetasNoHabitables, Soles) values (55457127232961903811, 'J0sMD3q', 14, 3);
insert into SistemaSolar (IdSistemaSolar, NombreSistema, PlanetasNoHabitables, Soles) values (35881214143462132346, 'h', 3, 3);
insert into SistemaSolar (IdSistemaSolar, NombreSistema, PlanetasNoHabitables, Soles) values (55269902527331145019, '49BD', 14, 1);
insert into SistemaSolar (IdSistemaSolar, NombreSistema, PlanetasNoHabitables, Soles) values (59709557692825124306, '3afHC2172IX17M4', 11, 1);
insert into SistemaSolar (IdSistemaSolar, NombreSistema, PlanetasNoHabitables, Soles) values (32597288903030009920, '949H8bG9JoBu946o6', 16, 1);
insert into SistemaSolar (IdSistemaSolar, NombreSistema, PlanetasNoHabitables, Soles) values (82286314084153811669, '55WT3', 5, 2);
insert into SistemaSolar (IdSistemaSolar, NombreSistema, PlanetasNoHabitables, Soles) values (63860413265264037486, '0od', 13, 1);

insert into Planeta (IdPlaneta, NombreComun, IdSistemaSolar) values (131472088872978, 'Zamit', 50531553963195521588);
insert into Planeta (IdPlaneta, NombreComun, IdSistemaSolar) values (417975357685977, 'Sonsing', 50531553963195521588);
insert into Planeta (IdPlaneta, NombreComun, IdSistemaSolar) values (888345831711044, 'Stim', 76163915075494314048);
insert into Planeta (IdPlaneta, NombreComun, IdSistemaSolar) values (796782743647122, 'Redhold', 76163915075494314048);
insert into Planeta (IdPlaneta, NombreComun, IdSistemaSolar) values (460317997567288, 'Mat Lam Tam', 32834097087910833699);
insert into Planeta (IdPlaneta, NombreComun, IdSistemaSolar) values (334954890671719, 'Fintone', 32834097087910833699);
insert into Planeta (IdPlaneta, NombreComun, IdSistemaSolar) values (608011836017211, 'Y-Solowarm', 86085283531307187206);
insert into Planeta (IdPlaneta, NombreComun, IdSistemaSolar) values (672847160673433, 'It', 86085283531307187206);
insert into Planeta (IdPlaneta, NombreComun, IdSistemaSolar) values (641900540902788, 'Lotlux', 40638971699323666438);
insert into Planeta (IdPlaneta, NombreComun, IdSistemaSolar) values (303535350513533, 'Cardify', 40638971699323666438);
insert into Planeta (IdPlaneta, NombreComun, IdSistemaSolar) values (936728931042812, 'Zoolab', 42855443721023716691);
insert into Planeta (IdPlaneta, NombreComun, IdSistemaSolar) values (388339726903104, 'It', 42855443721023716691);
insert into Planeta (IdPlaneta, NombreComun, IdSistemaSolar) values (279210362259500, 'Flexidy', 43335678331767679212);
insert into Planeta (IdPlaneta, NombreComun, IdSistemaSolar) values (941010079336060, 'Otcom', 43335678331767679212);
insert into Planeta (IdPlaneta, NombreComun, IdSistemaSolar) values (640956902052957, 'Tampflex', 01638611863697959359);
insert into Planeta (IdPlaneta, NombreComun, IdSistemaSolar) values (732245021191311, 'Sub-Ex', 01638611863697959359);
insert into Planeta (IdPlaneta, NombreComun, IdSistemaSolar) values (186212829702652, 'It', 11287655313690713911);
insert into Planeta (IdPlaneta, NombreComun, IdSistemaSolar) values (996057079728469, 'Zathin', 11287655313690713911);
insert into Planeta (IdPlaneta, NombreComun, IdSistemaSolar) values (489691046467286, 'Rank', 11046033310311403667);
insert into Planeta (IdPlaneta, NombreComun, IdSistemaSolar) values (225385192473909, 'Alphazap', 11046033310311403667);
insert into Planeta (IdPlaneta, NombreComun, IdSistemaSolar) values (288357498591544, 'Sonair', 54465153054308071075);
insert into Planeta (IdPlaneta, NombreComun, IdSistemaSolar) values (597864707299115, 'Konklab', 54465153054308071075);
insert into Planeta (IdPlaneta, NombreComun, IdSistemaSolar) values (146443638784487, 'Bamity', 55608006532735042992);
insert into Planeta (IdPlaneta, NombreComun, IdSistemaSolar) values (664112489757338, 'Sonsing', 55608006532735042992);
insert into Planeta (IdPlaneta, NombreComun, IdSistemaSolar) values (753975156383844, 'Stringtough', 65041662916622044259);
insert into Planeta (IdPlaneta, NombreComun, IdSistemaSolar) values (397294113000947, 'Overhold', 65041662916622044259);
insert into Planeta (IdPlaneta, NombreComun, IdSistemaSolar) values (938534836218619, 'Holdlamis', 05535725369514945655);
insert into Planeta (IdPlaneta, NombreComun, IdSistemaSolar) values (856502163440126, 'Rank', 05535725369514945655);
insert into Planeta (IdPlaneta, NombreComun, IdSistemaSolar) values (125831625363201, 'Sonair', 13601922776309081847);
insert into Planeta (IdPlaneta, NombreComun, IdSistemaSolar) values (524825975696811, 'Sonair', 13601922776309081847);
insert into Planeta (IdPlaneta, NombreComun, IdSistemaSolar) values (584548385535990, 'Stringtough', 64178449326366665509);
insert into Planeta (IdPlaneta, NombreComun, IdSistemaSolar) values (151857901100990, 'Konklux', 64178449326366665509);
insert into Planeta (IdPlaneta, NombreComun, IdSistemaSolar) values (882936732281983, 'Sonair', 62155216590346752203);
insert into Planeta (IdPlaneta, NombreComun, IdSistemaSolar) values (601881432891086, 'Sub-Ex', 62155216590346752203);
insert into Planeta (IdPlaneta, NombreComun, IdSistemaSolar) values (852566490849986, 'Flowdesk', 33845525595604158858);
insert into Planeta (IdPlaneta, NombreComun, IdSistemaSolar) values (878795767299304, 'It', 33845525595604158858);
insert into Planeta (IdPlaneta, NombreComun, IdSistemaSolar) values (648960715528319, 'Span', 95390754857680642742);
insert into Planeta (IdPlaneta, NombreComun, IdSistemaSolar) values (894907560922296, 'Toughjoyfax', 95390754857680642742);
insert into Planeta (IdPlaneta, NombreComun, IdSistemaSolar) values (635182486553661, 'Pannier', 80359325774979381147);
insert into Planeta (IdPlaneta, NombreComun, IdSistemaSolar) values (904127944424080, 'Stim', 80359325774979381147);
insert into Planeta (IdPlaneta, NombreComun, IdSistemaSolar) values (857763900954090, 'Redhold', 26583907636255261459);
insert into Planeta (IdPlaneta, NombreComun, IdSistemaSolar) values (705784772727564, 'Duobam', 26583907636255261459);
insert into Planeta (IdPlaneta, NombreComun, IdSistemaSolar) values (637875797447837, 'Pannier', 50164274371955820328);
insert into Planeta (IdPlaneta, NombreComun, IdSistemaSolar) values (173709414935849, 'Home Ing', 50164274371955820328);
insert into Planeta (IdPlaneta, NombreComun, IdSistemaSolar) values (680335894466150, 'Sub-Ex', 55053833296182309598);
insert into Planeta (IdPlaneta, NombreComun, IdSistemaSolar) values (586252874287506, 'Alpha', 55053833296182309598);
insert into Planeta (IdPlaneta, NombreComun, IdSistemaSolar) values (598947391661659, 'Hatity', 32486161940874134764);
insert into Planeta (IdPlaneta, NombreComun, IdSistemaSolar) values (870263671403619, 'Daltfresh', 32486161940874134764);
insert into Planeta (IdPlaneta, NombreComun, IdSistemaSolar) values (584076474789282, 'Tin', 36009495037493587469);
insert into Planeta (IdPlaneta, NombreComun, IdSistemaSolar) values (445174696512682, 'Sonair', 36009495037493587469);
insert into Planeta (IdPlaneta, NombreComun, IdSistemaSolar) values (297111325809910, 'Asoka', 98813800856385143238);
insert into Planeta (IdPlaneta, NombreComun, IdSistemaSolar) values (963960058629155, 'Tresom', 98813800856385143238);
insert into Planeta (IdPlaneta, NombreComun, IdSistemaSolar) values (762263385900019, 'Asoka', 55041147870136463390);
insert into Planeta (IdPlaneta, NombreComun, IdSistemaSolar) values (779367885200092, 'Namfix', 55041147870136463390);
insert into Planeta (IdPlaneta, NombreComun, IdSistemaSolar) values (213263661882093, 'Tin', 58922166582114214268);
insert into Planeta (IdPlaneta, NombreComun, IdSistemaSolar) values (861572655909092, 'Tempsoft', 58922166582114214268);
insert into Planeta (IdPlaneta, NombreComun, IdSistemaSolar) values (453706789415567, 'Tresom', 49005937608739850196);
insert into Planeta (IdPlaneta, NombreComun, IdSistemaSolar) values (447628014805016, 'Bitwolf', 49005937608739850196);
insert into Planeta (IdPlaneta, NombreComun, IdSistemaSolar) values (154504781255369, 'It', 10492662993195477035);
insert into Planeta (IdPlaneta, NombreComun, IdSistemaSolar) values (431192318131203, 'Viva', 10492662993195477035);
insert into Planeta (IdPlaneta, NombreComun, IdSistemaSolar) values (686331418004817, 'Rank', 99442069778410448582);
insert into Planeta (IdPlaneta, NombreComun, IdSistemaSolar) values (636629974564621, 'Bitchip', 99442069778410448582);
insert into Planeta (IdPlaneta, NombreComun, IdSistemaSolar) values (731803963460597, 'Vagram', 95265226213697145027);
insert into Planeta (IdPlaneta, NombreComun, IdSistemaSolar) values (289339027224806, 'Flowdesk', 95265226213697145027);
insert into Planeta (IdPlaneta, NombreComun, IdSistemaSolar) values (885196815401956, 'Vagram', 96146598219980526579);
insert into Planeta (IdPlaneta, NombreComun, IdSistemaSolar) values (790444785310012, 'Y-find', 96146598219980526579);
insert into Planeta (IdPlaneta, NombreComun, IdSistemaSolar) values (540108794035962, 'Vagram', 86328347980610373838);
insert into Planeta (IdPlaneta, NombreComun, IdSistemaSolar) values (969007720511584, 'Voltsillam', 86328347980610373838);
insert into Planeta (IdPlaneta, NombreComun, IdSistemaSolar) values (894330448534013, 'Sub-Ex', 61853659926703495272);
insert into Planeta (IdPlaneta, NombreComun, IdSistemaSolar) values (421616455879590, 'Bitwolf', 61853659926703495272);
insert into Planeta (IdPlaneta, NombreComun, IdSistemaSolar) values (643183948576520, 'Bamity', 35713118431267961797);
insert into Planeta (IdPlaneta, NombreComun, IdSistemaSolar) values (783362514748417, 'Fintone', 35713118431267961797);
insert into Planeta (IdPlaneta, NombreComun, IdSistemaSolar) values (927980797256169, 'Fix San', 37480428774418160150);
insert into Planeta (IdPlaneta, NombreComun, IdSistemaSolar) values (698748599027493, 'Lotstring', 37480428774418160150);
insert into Planeta (IdPlaneta, NombreComun, IdSistemaSolar) values (664673392107985, 'Job', 11781002874267666229);
insert into Planeta (IdPlaneta, NombreComun, IdSistemaSolar) values (390331240428329, 'Span', 11781002874267666229);
insert into Planeta (IdPlaneta, NombreComun, IdSistemaSolar) values (334092009502123, 'Flexidy', 29125619325849344450);
insert into Planeta (IdPlaneta, NombreComun, IdSistemaSolar) values (751767304181636, 'Daltfresh', 29125619325849344450);
insert into Planeta (IdPlaneta, NombreComun, IdSistemaSolar) values (395485178411803, 'Fintone', 63697603784921525765);
insert into Planeta (IdPlaneta, NombreComun, IdSistemaSolar) values (581630237823852, 'Tempsoft', 63697603784921525765);
insert into Planeta (IdPlaneta, NombreComun, IdSistemaSolar) values (946635007986380, 'Fix San',46866255509952859259);
insert into Planeta (IdPlaneta, NombreComun, IdSistemaSolar) values (361850101713385, 'Asoka', 46866255509952859259);
insert into Planeta (IdPlaneta, NombreComun, IdSistemaSolar) values (966277966551724, 'Trippledex', 43530544223289826019);
insert into Planeta (IdPlaneta, NombreComun, IdSistemaSolar) values (868313822450410, 'Tresom', 43530544223289826019);
insert into Planeta (IdPlaneta, NombreComun, IdSistemaSolar) values (896348225316863, 'Sonsing', 93919750078341590324);
insert into Planeta (IdPlaneta, NombreComun, IdSistemaSolar) values (983244247247029, 'Pannier', 93919750078341590324);
insert into Planeta (IdPlaneta, NombreComun, IdSistemaSolar) values (768452306221013, 'Treeflex', 49987813334314251012);
insert into Planeta (IdPlaneta, NombreComun, IdSistemaSolar) values (699376528536750, 'Fix San', 49987813334314251012);
insert into Planeta (IdPlaneta, NombreComun, IdSistemaSolar) values (510090688892310, 'Tampflex', 90156519704538682211);
insert into Planeta (IdPlaneta, NombreComun, IdSistemaSolar) values (649805006293402, 'Cardify', 90156519704538682211);
insert into Planeta (IdPlaneta, NombreComun, IdSistemaSolar) values (640833572748327, 'Bitwolf', 50378977325765381072);
insert into Planeta (IdPlaneta, NombreComun, IdSistemaSolar) values (780204711826316, 'Voyatouch', 50378977325765381072);
insert into Planeta (IdPlaneta, NombreComun, IdSistemaSolar) values (773547734451239, 'Sonair', 66502248962758310734);
insert into Planeta (IdPlaneta, NombreComun, IdSistemaSolar) values (501719133857549, 'Viva', 66502248962758310734);
insert into Planeta (IdPlaneta, NombreComun, IdSistemaSolar) values (673605923362750, 'Ventosanzap', 54605763363732677143);
insert into Planeta (IdPlaneta, NombreComun, IdSistemaSolar) values (230041035655795, 'Sonair', 54605763363732677143);
insert into Planeta (IdPlaneta, NombreComun, IdSistemaSolar) values (821300132720263, 'Y-find', 61783401748946620360);
insert into Planeta (IdPlaneta, NombreComun, IdSistemaSolar) values (503984037888003, 'Tampflex', 61783401748946620360);
insert into Planeta (IdPlaneta, NombreComun, IdSistemaSolar) values (253616035072550, 'Veribet', 91713221816930152637);
insert into Planeta (IdPlaneta, NombreComun, IdSistemaSolar) values (103726758634932, 'Cookley', 91713221816930152637);
insert into Planeta (IdPlaneta, NombreComun, IdSistemaSolar) values (365461385950645, 'Stim', 74124295801511849848);
insert into Planeta (IdPlaneta, NombreComun, IdSistemaSolar) values (536520438695300, 'Bytecard', 74124295801511849848);
insert into Planeta (IdPlaneta, NombreComun, IdSistemaSolar) values (729029643561456, 'Bitchip', 26391324175838571807);
insert into Planeta (IdPlaneta, NombreComun, IdSistemaSolar) values (211079125599641, 'Job', 26391324175838571807);
insert into Planeta (IdPlaneta, NombreComun, IdSistemaSolar) values (332954609679382, 'Cardguard', 24816161178736437827);
insert into Planeta (IdPlaneta, NombreComun, IdSistemaSolar) values (177387782580275, 'Tampflex', 24816161178736437827);
insert into Planeta (IdPlaneta, NombreComun, IdSistemaSolar) values (503856967860205, 'Redhold', 92690815646981415410);
insert into Planeta (IdPlaneta, NombreComun, IdSistemaSolar) values (750321609839451, 'Greenlam',92690815646981415410);
insert into Planeta (IdPlaneta, NombreComun, IdSistemaSolar) values (461761046527655, 'Fintone', 27469541653369489540);
insert into Planeta (IdPlaneta, NombreComun, IdSistemaSolar) values (341455134470920, 'Rank', 27469541653369489540);
insert into Planeta (IdPlaneta, NombreComun, IdSistemaSolar) values (140247734410888, 'Bitwolf', 31801217924202266544);
insert into Planeta (IdPlaneta, NombreComun, IdSistemaSolar) values (785223110675391, 'Voyatouch', 31801217924202266544);
insert into Planeta (IdPlaneta, NombreComun, IdSistemaSolar) values (251762234157865, 'Fix San', 31801217924202266544);
insert into Planeta (IdPlaneta, NombreComun, IdSistemaSolar) values (479455807804473, 'Sonsing', 31801217924202266544);
insert into Planeta (IdPlaneta, NombreComun, IdSistemaSolar) values (709909026622581, 'Konklux', 26359923851471749307);
insert into Planeta (IdPlaneta, NombreComun, IdSistemaSolar) values (511975418216437, 'Ronstring', 26359923851471749307);
insert into Planeta (IdPlaneta, NombreComun, IdSistemaSolar) values (678196356265232, 'Overhold', 68800257902563870191);
insert into Planeta (IdPlaneta, NombreComun, IdSistemaSolar) values (531170031254804, 'Fix San', 68800257902563870191);
insert into Planeta (IdPlaneta, NombreComun, IdSistemaSolar) values (163887016455738, 'Alpha', 55279535897164239101);
insert into Planeta (IdPlaneta, NombreComun, IdSistemaSolar) values (116338685731271, 'Fintone', 55279535897164239101);
insert into Planeta (IdPlaneta, NombreComun, IdSistemaSolar) values (427761541531180, 'Cookley', 91299434053718480197);
insert into Planeta (IdPlaneta, NombreComun, IdSistemaSolar) values (206914210775709, 'Fixflex', 91299434053718480197);
insert into Planeta (IdPlaneta, NombreComun, IdSistemaSolar) values (750796171664553, 'Gembucket', 69185262122636488970);
insert into Planeta (IdPlaneta, NombreComun, IdSistemaSolar) values (654128366052115, 'Lotstring', 69185262122636488970);
insert into Planeta (IdPlaneta, NombreComun, IdSistemaSolar) values (261768273770418, 'Konklab', 72920895759211318933);
insert into Planeta (IdPlaneta, NombreComun, IdSistemaSolar) values (477574887961882, 'Duobam', 72920895759211318933);
insert into Planeta (IdPlaneta, NombreComun, IdSistemaSolar) values (492194776613231, 'Zaam-Dox', 09604126206297227801);
insert into Planeta (IdPlaneta, NombreComun, IdSistemaSolar) values (466242825526681, 'Bitwolf', 09604126206297227801);
insert into Planeta (IdPlaneta, NombreComun, IdSistemaSolar) values (656393341757017, 'Voltsillam', 39491377348078006872);
insert into Planeta (IdPlaneta, NombreComun, IdSistemaSolar) values (551195295399379, 'Viva', 39491377348078006872);
insert into Planeta (IdPlaneta, NombreComun, IdSistemaSolar) values (697796996531023, 'Regrant', 71596403134454721067);
insert into Planeta (IdPlaneta, NombreComun, IdSistemaSolar) values (318389302295066, 'Cookley', 71596403134454721067);
insert into Planeta (IdPlaneta, NombreComun, IdSistemaSolar) values (560163818497355, 'Namfix', 60986538460297555234);
insert into Planeta (IdPlaneta, NombreComun, IdSistemaSolar) values (606110033815306, 'Sonair', 60986538460297555234);
insert into Planeta (IdPlaneta, NombreComun, IdSistemaSolar) values (866213788727373, 'Cookley', 75677346472429474533);
insert into Planeta (IdPlaneta, NombreComun, IdSistemaSolar) values (733268188901113, 'Trippledex', 75677346472429474533);
insert into Planeta (IdPlaneta, NombreComun, IdSistemaSolar) values (118755470088576, 'Job', 39515897508826155528);
insert into Planeta (IdPlaneta, NombreComun, IdSistemaSolar) values (665287895084577, 'Latlux', 39515897508826155528);
insert into Planeta (IdPlaneta, NombreComun, IdSistemaSolar) values (352180317938868, 'Bytecard', 18676049975442347033);
insert into Planeta (IdPlaneta, NombreComun, IdSistemaSolar) values (444146304280479, 'Holdlamis', 18676049975442347033);
insert into Planeta (IdPlaneta, NombreComun, IdSistemaSolar) values (157333652457522, 'Daltfresh', 05276746220106631290);
insert into Planeta (IdPlaneta, NombreComun, IdSistemaSolar) values (807820001762800, 'Namfix', 05276746220106631290);
insert into Planeta (IdPlaneta, NombreComun, IdSistemaSolar) values (484080312352195, 'Andalax', 64468621298737944693);
insert into Planeta (IdPlaneta, NombreComun, IdSistemaSolar) values (468228663535415, 'Namfix', 64468621298737944693);
insert into Planeta (IdPlaneta, NombreComun, IdSistemaSolar) values (522684881897307, 'Wrapsafe', 74876651280574456669);
insert into Planeta (IdPlaneta, NombreComun, IdSistemaSolar) values (364970162009883, 'Flowdesk', 74876651280574456669);
insert into Planeta (IdPlaneta, NombreComun, IdSistemaSolar) values (276115217153330, 'Konklab', 43727451903035433120);
insert into Planeta (IdPlaneta, NombreComun, IdSistemaSolar) values (820184722336912, 'Fintone', 43727451903035433120);
insert into Planeta (IdPlaneta, NombreComun, IdSistemaSolar) values (819445029325708, 'Ventosanzap', 47415564184533453090);
insert into Planeta (IdPlaneta, NombreComun, IdSistemaSolar) values (151771605242265, 'Treeflex', 47415564184533453090);
insert into Planeta (IdPlaneta, NombreComun, IdSistemaSolar) values (221100430275414, 'Span', 59179780084372355994);
insert into Planeta (IdPlaneta, NombreComun, IdSistemaSolar) values (305848484031319, 'Alpha', 59179780084372355994);
insert into Planeta (IdPlaneta, NombreComun, IdSistemaSolar) values (329456293863637, 'Overhold', 91950690168080961661);
insert into Planeta (IdPlaneta, NombreComun, IdSistemaSolar) values (815117380710177, 'Holdlamis', 91950690168080961661);
insert into Planeta (IdPlaneta, NombreComun, IdSistemaSolar) values (824273262573558, 'Span', 00520817003907501527);
insert into Planeta (IdPlaneta, NombreComun, IdSistemaSolar) values (487964003920766, 'Treeflex', 00520817003907501527);
insert into Planeta (IdPlaneta, NombreComun, IdSistemaSolar) values (907691672031717, 'Zamit', 38436211997335356968);
insert into Planeta (IdPlaneta, NombreComun, IdSistemaSolar) values (814889777841107, 'Veribet', 38436211997335356968);
insert into Planeta (IdPlaneta, NombreComun, IdSistemaSolar) values (575292073692182, 'Zoolab', 68576754627228998185);
insert into Planeta (IdPlaneta, NombreComun, IdSistemaSolar) values (702977738452184, 'Sub-Ex', 68576754627228998185);
insert into Planeta (IdPlaneta, NombreComun, IdSistemaSolar) values (552463892457776, 'Sonsing', 08995122693055741599);
insert into Planeta (IdPlaneta, NombreComun, IdSistemaSolar) values (466808133871705, 'Sonsing', 08995122693055741599);
insert into Planeta (IdPlaneta, NombreComun, IdSistemaSolar) values (660408526841185, 'Alphazap', 99889042301612234771);
insert into Planeta (IdPlaneta, NombreComun, IdSistemaSolar) values (843801024734904, 'Quo Lux', 99889042301612234771);
insert into Planeta (IdPlaneta, NombreComun, IdSistemaSolar) values (759263263023511, 'Toughjoyfax', 95537160043534318839);
insert into Planeta (IdPlaneta, NombreComun, IdSistemaSolar) values (350150590720445, 'Flexidy', 95537160043534318839);
insert into Planeta (IdPlaneta, NombreComun, IdSistemaSolar) values (897741501841799, 'Regrant', 40248563556756667321);
insert into Planeta (IdPlaneta, NombreComun, IdSistemaSolar) values (903465607368211, 'Gembucket', 40248563556756667321);
insert into Planeta (IdPlaneta, NombreComun, IdSistemaSolar) values (857712656065452, 'Voltsillam', 68102428106729283279);
insert into Planeta (IdPlaneta, NombreComun, IdSistemaSolar) values (235897872901589, 'Namfix', 68102428106729283279);
insert into Planeta (IdPlaneta, NombreComun, IdSistemaSolar) values (263201709295003, 'Lotstring', 10389605838920279909);
insert into Planeta (IdPlaneta, NombreComun, IdSistemaSolar) values (589151255002785, 'Cardguard', 10389605838920279909);
insert into Planeta (IdPlaneta, NombreComun, IdSistemaSolar) values (337833048409375, 'Konklab', 29476910756449786028);
insert into Planeta (IdPlaneta, NombreComun, IdSistemaSolar) values (194751066914096, 'Alphazap', 29476910756449786028);
insert into Planeta (IdPlaneta, NombreComun, IdSistemaSolar) values (311802088021630, 'Matsoft', 93382071497192712647);
insert into Planeta (IdPlaneta, NombreComun, IdSistemaSolar) values (271116832596914, 'Mat Lam Tam', 93382071497192712647);
insert into Planeta (IdPlaneta, NombreComun, IdSistemaSolar) values (581872011147345, 'Ventosanzap', 30711025693944845936);
insert into Planeta (IdPlaneta, NombreComun, IdSistemaSolar) values (945493512728477, 'Alphazap', 30711025693944845936);
insert into Planeta (IdPlaneta, NombreComun, IdSistemaSolar) values (580282460951581, 'Kanlam', 13106833943549074361);
insert into Planeta (IdPlaneta, NombreComun, IdSistemaSolar) values (383688689075140, 'Vagram', 13106833943549074361);
insert into Planeta (IdPlaneta, NombreComun, IdSistemaSolar) values (861596679216097, 'Treeflex', 86519076666461333965);
insert into Planeta (IdPlaneta, NombreComun, IdSistemaSolar) values (484874778773574, 'Temp', 86519076666461333965);
insert into Planeta (IdPlaneta, NombreComun, IdSistemaSolar) values (342140945473401, 'Wrapsafe', 23997185711313095161);
insert into Planeta (IdPlaneta, NombreComun, IdSistemaSolar) values (621866358479219, 'Bigtax', 23997185711313095161);
insert into Planeta (IdPlaneta, NombreComun, IdSistemaSolar) values (206652208901587, 'Trippledex', 53290482257632559144);
insert into Planeta (IdPlaneta, NombreComun, IdSistemaSolar) values (308292117966998, 'Home Ing', 53290482257632559144);
insert into Planeta (IdPlaneta, NombreComun, IdSistemaSolar) values (126850405609495, 'Veribet', 73353845952554790868);
insert into Planeta (IdPlaneta, NombreComun, IdSistemaSolar) values (326293398901596, 'Daltfresh', 73353845952554790868);
insert into Planeta (IdPlaneta, NombreComun, IdSistemaSolar) values (320615947889341, 'Sonair', 55457127232961903811);
insert into Planeta (IdPlaneta, NombreComun, IdSistemaSolar) values (839878435097276, 'Stronghold', 55457127232961903811);
insert into Planeta (IdPlaneta, NombreComun, IdSistemaSolar) values (261141864749104, 'Overhold', 35881214143462132346);
insert into Planeta (IdPlaneta, NombreComun, IdSistemaSolar) values (297193164140440, 'Bitchip', 35881214143462132346);
insert into Planeta (IdPlaneta, NombreComun, IdSistemaSolar) values (287794090087656, 'Zontrax', 55269902527331145019);
insert into Planeta (IdPlaneta, NombreComun, IdSistemaSolar) values (657445861254835, 'Opela', 55269902527331145019);
insert into Planeta (IdPlaneta, NombreComun, IdSistemaSolar) values (239860121166019, 'Mat Lam Tam', 59709557692825124306);
insert into Planeta (IdPlaneta, NombreComun, IdSistemaSolar) values (715220547290739, 'Bigtax', 59709557692825124306);
insert into Planeta (IdPlaneta, NombreComun, IdSistemaSolar) values (133188273654181, 'Asoka', 32597288903030009920);
insert into Planeta (IdPlaneta, NombreComun, IdSistemaSolar) values (478604384141802, 'Quo Lux', 32597288903030009920);
insert into Planeta (IdPlaneta, NombreComun, IdSistemaSolar) values (712820781222487, 'Ronstring', 82286314084153811669);
insert into Planeta (IdPlaneta, NombreComun, IdSistemaSolar) values (316338653320677, 'Cardify', 63860413265264037486);


insert into EstacionEspacial (IdEstacion, NombreComunEstacion, CantidadPoblacion, IdPlaneta) values (335523893038, 'Matsoft', 11814239, 131472088872978);
insert into EstacionEspacial (IdEstacion, NombreComunEstacion, CantidadPoblacion, IdPlaneta) values (299822654261, 'Andalax', 19311250, 417975357685977);
insert into EstacionEspacial (IdEstacion, NombreComunEstacion, CantidadPoblacion, IdPlaneta) values (851949391471, 'Transcof', 71947786, 888345831711044);
insert into EstacionEspacial (IdEstacion, NombreComunEstacion, CantidadPoblacion, IdPlaneta) values (269892593358, 'Otcom', 74471831, 796782743647122);
insert into EstacionEspacial (IdEstacion, NombreComunEstacion, CantidadPoblacion, IdPlaneta) values (254332486919, 'Keylex', 26166791, 460317997567288);
insert into EstacionEspacial (IdEstacion, NombreComunEstacion, CantidadPoblacion, IdPlaneta) values (705043095706, 'Veribet', 78718025, 334954890671719);
insert into EstacionEspacial (IdEstacion, NombreComunEstacion, CantidadPoblacion, IdPlaneta) values (531084793478, 'Tres-Zap', 45599285, 608011836017211);
insert into EstacionEspacial (IdEstacion, NombreComunEstacion, CantidadPoblacion, IdPlaneta) values (876316340896, 'Cookley', 96658848, 672847160673433);
insert into EstacionEspacial (IdEstacion, NombreComunEstacion, CantidadPoblacion, IdPlaneta) values (128095653083, 'Voltsillam', 73850379, 641900540902788);
insert into EstacionEspacial (IdEstacion, NombreComunEstacion, CantidadPoblacion, IdPlaneta) values (732359995551, 'Opela', 18398890, 303535350513533);
insert into EstacionEspacial (IdEstacion, NombreComunEstacion, CantidadPoblacion, IdPlaneta) values (984255727316, 'Trippledex', 92288782, 936728931042812);
insert into EstacionEspacial (IdEstacion, NombreComunEstacion, CantidadPoblacion, IdPlaneta) values (971474714351, 'Cardguard', 56367280, 388339726903104);
insert into EstacionEspacial (IdEstacion, NombreComunEstacion, CantidadPoblacion, IdPlaneta) values (498242995656, 'Voyatouch', 39929315, 279210362259500);
insert into EstacionEspacial (IdEstacion, NombreComunEstacion, CantidadPoblacion, IdPlaneta) values (380650604423, 'Flexidy', 14089567, 941010079336060);
insert into EstacionEspacial (IdEstacion, NombreComunEstacion, CantidadPoblacion, IdPlaneta) values (093471201344, 'Toughjoyfax', 9451670, 640956902052957);
insert into EstacionEspacial (IdEstacion, NombreComunEstacion, CantidadPoblacion, IdPlaneta) values (299322080254, 'Zamit', 3832724, 732245021191311);
insert into EstacionEspacial (IdEstacion, NombreComunEstacion, CantidadPoblacion, IdPlaneta) values (240616381238, 'Bitwolf', 67391520, 186212829702652);
insert into EstacionEspacial (IdEstacion, NombreComunEstacion, CantidadPoblacion, IdPlaneta) values (382114536660, 'Quo Lux', 51714875, 996057079728469);
insert into EstacionEspacial (IdEstacion, NombreComunEstacion, CantidadPoblacion, IdPlaneta) values (852850655656, 'Domainer', 72391545, 489691046467286);
insert into EstacionEspacial (IdEstacion, NombreComunEstacion, CantidadPoblacion, IdPlaneta) values (582532090166, 'Flexidy', 1625510, 225385192473909);
insert into EstacionEspacial (IdEstacion, NombreComunEstacion, CantidadPoblacion, IdPlaneta) values (083680234076, 'Bitwolf', 83259921, 288357498591544);
insert into EstacionEspacial (IdEstacion, NombreComunEstacion, CantidadPoblacion, IdPlaneta) values (497894733100, 'Trippledex', 90691192, 597864707299115);
insert into EstacionEspacial (IdEstacion, NombreComunEstacion, CantidadPoblacion, IdPlaneta) values (143102318560, 'Fixflex', 62775954, 146443638784487);
insert into EstacionEspacial (IdEstacion, NombreComunEstacion, CantidadPoblacion, IdPlaneta) values (653230881317, 'Veribet', 68421422, 664112489757338);
insert into EstacionEspacial (IdEstacion, NombreComunEstacion, CantidadPoblacion, IdPlaneta) values (831149643624, 'Subin', 22575916, 753975156383844);
insert into EstacionEspacial (IdEstacion, NombreComunEstacion, CantidadPoblacion, IdPlaneta) values (083383445692, 'Zamit', 99524056, 397294113000947);
insert into EstacionEspacial (IdEstacion, NombreComunEstacion, CantidadPoblacion, IdPlaneta) values (862493391919, 'Matsoft', 23832794, 938534836218619);
insert into EstacionEspacial (IdEstacion, NombreComunEstacion, CantidadPoblacion, IdPlaneta) values (612758466367, 'Stringtough', 84702229, 856502163440126);
insert into EstacionEspacial (IdEstacion, NombreComunEstacion, CantidadPoblacion, IdPlaneta) values (919115004299, 'Mat Lam Tam', 33293196, 125831625363201);
insert into EstacionEspacial (IdEstacion, NombreComunEstacion, CantidadPoblacion, IdPlaneta) values (940335884309, 'Duobam', 14320506, 524825975696811);
insert into EstacionEspacial (IdEstacion, NombreComunEstacion, CantidadPoblacion, IdPlaneta) values (820019267741, 'It', 80487596, 584548385535990);
insert into EstacionEspacial (IdEstacion, NombreComunEstacion, CantidadPoblacion, IdPlaneta) values (186342523546, 'Viva', 75070279, 151857901100990);
insert into EstacionEspacial (IdEstacion, NombreComunEstacion, CantidadPoblacion, IdPlaneta) values (416451578257, 'Y-Solowarm', 24874454, 882936732281983);
insert into EstacionEspacial (IdEstacion, NombreComunEstacion, CantidadPoblacion, IdPlaneta) values (836012279273, 'Andalax', 4368635, 601881432891086);
insert into EstacionEspacial (IdEstacion, NombreComunEstacion, CantidadPoblacion, IdPlaneta) values (729927548938, 'Treeflex', 42600330, 852566490849986);
insert into EstacionEspacial (IdEstacion, NombreComunEstacion, CantidadPoblacion, IdPlaneta) values (021438510910, 'Trippledex', 8354334, 878795767299304);
insert into EstacionEspacial (IdEstacion, NombreComunEstacion, CantidadPoblacion, IdPlaneta) values (466721925194, 'Redhold', 61202990, 648960715528319);
insert into EstacionEspacial (IdEstacion, NombreComunEstacion, CantidadPoblacion, IdPlaneta) values (275015243879, 'Zaam-Dox', 61723318, 894907560922296);
insert into EstacionEspacial (IdEstacion, NombreComunEstacion, CantidadPoblacion, IdPlaneta) values (655651876528, 'Stim', 53991395, 635182486553661);
insert into EstacionEspacial (IdEstacion, NombreComunEstacion, CantidadPoblacion, IdPlaneta) values (204872262635, 'Lotstring', 54157934, 904127944424080);
insert into EstacionEspacial (IdEstacion, NombreComunEstacion, CantidadPoblacion, IdPlaneta) values (193676612903, 'Voltsillam', 14516515, 857763900954090);
insert into EstacionEspacial (IdEstacion, NombreComunEstacion, CantidadPoblacion, IdPlaneta) values (134926224927, 'Pannier', 12267811, 705784772727564);
insert into EstacionEspacial (IdEstacion, NombreComunEstacion, CantidadPoblacion, IdPlaneta) values (739635758783, 'Cardguard', 15551126, 637875797447837);
insert into EstacionEspacial (IdEstacion, NombreComunEstacion, CantidadPoblacion, IdPlaneta) values (962504753722, 'Otcom', 64634758, 173709414935849);
insert into EstacionEspacial (IdEstacion, NombreComunEstacion, CantidadPoblacion, IdPlaneta) values (335233977345, 'Vagram', 8858110, 586252874287506);
insert into EstacionEspacial (IdEstacion, NombreComunEstacion, CantidadPoblacion, IdPlaneta) values (805915404299, 'Ventosanzap', 83464568, 680335894466150);
insert into EstacionEspacial (IdEstacion, NombreComunEstacion, CantidadPoblacion, IdPlaneta) values (067404970434, 'Tampflex', 88759078, 598947391661659);
insert into EstacionEspacial (IdEstacion, NombreComunEstacion, CantidadPoblacion, IdPlaneta) values (890244475691, 'Y-Solowarm', 10295614, 870263671403619);
insert into EstacionEspacial (IdEstacion, NombreComunEstacion, CantidadPoblacion, IdPlaneta) values (647008514735, 'Alphazap', 50676832, 584076474789282);
insert into EstacionEspacial (IdEstacion, NombreComunEstacion, CantidadPoblacion, IdPlaneta) values (217666314908, 'Trippledex', 76873999, 445174696512682);
insert into EstacionEspacial (IdEstacion, NombreComunEstacion, CantidadPoblacion, IdPlaneta) values (303135004887, 'Zamit', 96043985, 297111325809910);
insert into EstacionEspacial (IdEstacion, NombreComunEstacion, CantidadPoblacion, IdPlaneta) values (645064991547, 'Subin', 3588095, 963960058629155);
insert into EstacionEspacial (IdEstacion, NombreComunEstacion, CantidadPoblacion, IdPlaneta) values (866721185361, 'Bytecard', 46242508, 762263385900019);
insert into EstacionEspacial (IdEstacion, NombreComunEstacion, CantidadPoblacion, IdPlaneta) values (425820135378, 'Wrapsafe', 70897118, 213263661882093);
insert into EstacionEspacial (IdEstacion, NombreComunEstacion, CantidadPoblacion, IdPlaneta) values (340648487224, 'Ventosanzap', 17717558, 861572655909092);
insert into EstacionEspacial (IdEstacion, NombreComunEstacion, CantidadPoblacion, IdPlaneta) values (938984619306, 'Aerified', 20749728, 453706789415567);
insert into EstacionEspacial (IdEstacion, NombreComunEstacion, CantidadPoblacion, IdPlaneta) values (073647462980, 'Tres-Zap', 63628330, 447628014805016);
insert into EstacionEspacial (IdEstacion, NombreComunEstacion, CantidadPoblacion, IdPlaneta) values (048731824257, 'Hatity', 24434272, 154504781255369);
insert into EstacionEspacial (IdEstacion, NombreComunEstacion, CantidadPoblacion, IdPlaneta) values (709203170498, 'Home Ing', 31851817, 431192318131203);
insert into EstacionEspacial (IdEstacion, NombreComunEstacion, CantidadPoblacion, IdPlaneta) values (995725870873, 'Redhold', 63804826, 686331418004817);
insert into EstacionEspacial (IdEstacion, NombreComunEstacion, CantidadPoblacion, IdPlaneta) values (747619597031, 'Voltsillam', 12860505, 636629974564621);
insert into EstacionEspacial (IdEstacion, NombreComunEstacion, CantidadPoblacion, IdPlaneta) values (656642171771, 'Job', 85844122, 731803963460597);
insert into EstacionEspacial (IdEstacion, NombreComunEstacion, CantidadPoblacion, IdPlaneta) values (101535233359, 'Job', 99520803, 289339027224806);
insert into EstacionEspacial (IdEstacion, NombreComunEstacion, CantidadPoblacion, IdPlaneta) values (276787295588, 'Bigtax', 59647123, 885196815401956);
insert into EstacionEspacial (IdEstacion, NombreComunEstacion, CantidadPoblacion, IdPlaneta) values (381775534032, 'Bytecard', 84878901, 790444785310012);
insert into EstacionEspacial (IdEstacion, NombreComunEstacion, CantidadPoblacion, IdPlaneta) values (893451771049, 'Prodder', 79426561, 540108794035962);
insert into EstacionEspacial (IdEstacion, NombreComunEstacion, CantidadPoblacion, IdPlaneta) values (991043866410, 'Temp', 15163957, 969007720511584);
insert into EstacionEspacial (IdEstacion, NombreComunEstacion, CantidadPoblacion, IdPlaneta) values (725556947067, 'Regrant', 96735610, 894330448534013);
insert into EstacionEspacial (IdEstacion, NombreComunEstacion, CantidadPoblacion, IdPlaneta) values (251804910982, 'Biodex', 90855872, 421616455879590);
insert into EstacionEspacial (IdEstacion, NombreComunEstacion, CantidadPoblacion, IdPlaneta) values (087055376345, 'Prodder', 35283357, 643183948576520);
insert into EstacionEspacial (IdEstacion, NombreComunEstacion, CantidadPoblacion, IdPlaneta) values (427752230372, 'Zaam-Dox', 27442585, 783362514748417);
insert into EstacionEspacial (IdEstacion, NombreComunEstacion, CantidadPoblacion, IdPlaneta) values (383669884206, 'Bitwolf', 27036674, 927980797256169);
insert into EstacionEspacial (IdEstacion, NombreComunEstacion, CantidadPoblacion, IdPlaneta) values (449709303747, 'Overhold', 87556150, 698748599027493);
insert into EstacionEspacial (IdEstacion, NombreComunEstacion, CantidadPoblacion, IdPlaneta) values (602830775281, 'Trippledex', 24069432, 664673392107985);
insert into EstacionEspacial (IdEstacion, NombreComunEstacion, CantidadPoblacion, IdPlaneta) values (720998485363, 'Aerified', 66079335, 390331240428329);
insert into EstacionEspacial (IdEstacion, NombreComunEstacion, CantidadPoblacion, IdPlaneta) values (894799712012, 'Wrapsafe', 78511442, 334092009502123);
insert into EstacionEspacial (IdEstacion, NombreComunEstacion, CantidadPoblacion, IdPlaneta) values (935750881890, 'Matsoft', 789961, 751767304181636);
insert into EstacionEspacial (IdEstacion, NombreComunEstacion, CantidadPoblacion, IdPlaneta) values (817481662963, 'Tresom', 76160561, 395485178411803);
insert into EstacionEspacial (IdEstacion, NombreComunEstacion, CantidadPoblacion, IdPlaneta) values (326129208595, 'Hatity', 44725504, 581630237823852);
insert into EstacionEspacial (IdEstacion, NombreComunEstacion, CantidadPoblacion, IdPlaneta) values (583088567914, 'Andalax', 81800266, 946635007986380);
insert into EstacionEspacial (IdEstacion, NombreComunEstacion, CantidadPoblacion, IdPlaneta) values (124940249147, 'Flowdesk', 46076067, 361850101713385);
insert into EstacionEspacial (IdEstacion, NombreComunEstacion, CantidadPoblacion, IdPlaneta) values (349667931743, 'Andalax', 63307419, 966277966551724);
insert into EstacionEspacial (IdEstacion, NombreComunEstacion, CantidadPoblacion, IdPlaneta) values (207957786786, 'Andalax', 84374556, 868313822450410);
insert into EstacionEspacial (IdEstacion, NombreComunEstacion, CantidadPoblacion, IdPlaneta) values (438658390906, 'Tampflex', 67555291, 896348225316863);
insert into EstacionEspacial (IdEstacion, NombreComunEstacion, CantidadPoblacion, IdPlaneta) values (570466376568, 'Andalax', 64595262, 983244247247029);
insert into EstacionEspacial (IdEstacion, NombreComunEstacion, CantidadPoblacion, IdPlaneta) values (532864253047, 'Opela', 84564163, 768452306221013);
insert into EstacionEspacial (IdEstacion, NombreComunEstacion, CantidadPoblacion, IdPlaneta) values (904905206315, 'Zaam-Dox', 91583459, 699376528536750);
insert into EstacionEspacial (IdEstacion, NombreComunEstacion, CantidadPoblacion, IdPlaneta) values (066856858701, 'Tresom', 62395758, 510090688892310);
insert into EstacionEspacial (IdEstacion, NombreComunEstacion, CantidadPoblacion, IdPlaneta) values (173315167715, 'Greenlam', 35383577, 649805006293402);
insert into EstacionEspacial (IdEstacion, NombreComunEstacion, CantidadPoblacion, IdPlaneta) values (853796071825, 'Mat Lam Tam', 37019452, 640833572748327);
insert into EstacionEspacial (IdEstacion, NombreComunEstacion, CantidadPoblacion, IdPlaneta) values (963650518930, 'Overhold', 89504558, 780204711826316);
insert into EstacionEspacial (IdEstacion, NombreComunEstacion, CantidadPoblacion, IdPlaneta) values (154955626942, 'Pannier', 38881836, 773547734451239);
insert into EstacionEspacial (IdEstacion, NombreComunEstacion, CantidadPoblacion, IdPlaneta) values (260349417256, 'Zathin', 85840818, 501719133857549);
insert into EstacionEspacial (IdEstacion, NombreComunEstacion, CantidadPoblacion, IdPlaneta) values (461264159032, 'Holdlamis', 85113662, 673605923362750);
insert into EstacionEspacial (IdEstacion, NombreComunEstacion, CantidadPoblacion, IdPlaneta) values (869690258975, 'Tresom', 91196235, 230041035655795);
insert into EstacionEspacial (IdEstacion, NombreComunEstacion, CantidadPoblacion, IdPlaneta) values (945766947130, 'Temp', 7653436, 821300132720263);
insert into EstacionEspacial (IdEstacion, NombreComunEstacion, CantidadPoblacion, IdPlaneta) values (483625661099, 'Zontrax', 34057577, 503984037888003);
insert into EstacionEspacial (IdEstacion, NombreComunEstacion, CantidadPoblacion, IdPlaneta) values (345198097772, 'Cardguard', 79567801, 253616035072550);
insert into EstacionEspacial (IdEstacion, NombreComunEstacion, CantidadPoblacion, IdPlaneta) values (180691176692, 'Bamity', 4643390, 103726758634932);
insert into EstacionEspacial (IdEstacion, NombreComunEstacion, CantidadPoblacion, IdPlaneta) values (327316416518, 'Tresom', 14317471, 365461385950645);
insert into EstacionEspacial (IdEstacion, NombreComunEstacion, CantidadPoblacion, IdPlaneta) values (387479365209, 'Sonair', 93580128, 536520438695300);
insert into EstacionEspacial (IdEstacion, NombreComunEstacion, CantidadPoblacion, IdPlaneta) values (547919673004, 'Flexidy', 23287955, 729029643561456);
insert into EstacionEspacial (IdEstacion, NombreComunEstacion, CantidadPoblacion, IdPlaneta) values (488254381124, 'Matsoft', 88238860, 211079125599641);
insert into EstacionEspacial (IdEstacion, NombreComunEstacion, CantidadPoblacion, IdPlaneta) values (729499255755, 'Keylex', 25355354, 332954609679382);
insert into EstacionEspacial (IdEstacion, NombreComunEstacion, CantidadPoblacion, IdPlaneta) values (919199881669, 'Y-Solowarm', 76886015, 177387782580275);
insert into EstacionEspacial (IdEstacion, NombreComunEstacion, CantidadPoblacion, IdPlaneta) values (634066042412, 'Tempsoft', 95693232, 503856967860205);
insert into EstacionEspacial (IdEstacion, NombreComunEstacion, CantidadPoblacion, IdPlaneta) values (561177991577, 'Bitchip', 64841113, 750321609839451);
insert into EstacionEspacial (IdEstacion, NombreComunEstacion, CantidadPoblacion, IdPlaneta) values (243038730217, 'Job', 63537, 461761046527655);
insert into EstacionEspacial (IdEstacion, NombreComunEstacion, CantidadPoblacion, IdPlaneta) values (362268115119, 'Namfix', 15044062, 341455134470920);
insert into EstacionEspacial (IdEstacion, NombreComunEstacion, CantidadPoblacion, IdPlaneta) values (332666543217, 'Tin', 82110896, 140247734410888);
insert into EstacionEspacial (IdEstacion, NombreComunEstacion, CantidadPoblacion, IdPlaneta) values (422709661463, 'Greenlam', 94524842, 785223110675391);
insert into EstacionEspacial (IdEstacion, NombreComunEstacion, CantidadPoblacion, IdPlaneta) values (284098415394, 'Zathin', 4377013, 251762234157865);
insert into EstacionEspacial (IdEstacion, NombreComunEstacion, CantidadPoblacion, IdPlaneta) values (585429591858, 'Job', 61568947, 479455807804473);
insert into EstacionEspacial (IdEstacion, NombreComunEstacion, CantidadPoblacion, IdPlaneta) values (721332091670, 'Lotstring', 54435405, 709909026622581);
insert into EstacionEspacial (IdEstacion, NombreComunEstacion, CantidadPoblacion, IdPlaneta) values (678555901610, 'Wrapsafe', 20506249, 511975418216437);
insert into EstacionEspacial (IdEstacion, NombreComunEstacion, CantidadPoblacion, IdPlaneta) values (591067262378, 'It', 68380179, 678196356265232);
insert into EstacionEspacial (IdEstacion, NombreComunEstacion, CantidadPoblacion, IdPlaneta) values (717306188225, 'Flexidy', 108156, 531170031254804);
insert into EstacionEspacial (IdEstacion, NombreComunEstacion, CantidadPoblacion, IdPlaneta) values (284541956480, 'It', 24853821, 163887016455738);
insert into EstacionEspacial (IdEstacion, NombreComunEstacion, CantidadPoblacion, IdPlaneta) values (056893096176, 'Namfix', 40454498, 116338685731271);
insert into EstacionEspacial (IdEstacion, NombreComunEstacion, CantidadPoblacion, IdPlaneta) values (436535487036, 'Prodder', 7008697, 427761541531180);
insert into EstacionEspacial (IdEstacion, NombreComunEstacion, CantidadPoblacion, IdPlaneta) values (103593225554, 'Biodex', 89296343, 206914210775709);
insert into EstacionEspacial (IdEstacion, NombreComunEstacion, CantidadPoblacion, IdPlaneta) values (940089149568, 'Span', 2812562, 750796171664553);
insert into EstacionEspacial (IdEstacion, NombreComunEstacion, CantidadPoblacion, IdPlaneta) values (132617229305, 'Flowdesk', 16357591, 654128366052115);
insert into EstacionEspacial (IdEstacion, NombreComunEstacion, CantidadPoblacion, IdPlaneta) values (561872899564, 'Keylex', 79488796, 261768273770418);
insert into EstacionEspacial (IdEstacion, NombreComunEstacion, CantidadPoblacion, IdPlaneta) values (724589073729, 'Namfix', 84653718, 477574887961882);
insert into EstacionEspacial (IdEstacion, NombreComunEstacion, CantidadPoblacion, IdPlaneta) values (108265268849, 'Span', 1913331, 492194776613231);
insert into EstacionEspacial (IdEstacion, NombreComunEstacion, CantidadPoblacion, IdPlaneta) values (567124695459, 'Ventosanzap', 91560450, 466242825526681);
insert into EstacionEspacial (IdEstacion, NombreComunEstacion, CantidadPoblacion, IdPlaneta) values (945424317580, 'Duobam', 5683162, 656393341757017);
insert into EstacionEspacial (IdEstacion, NombreComunEstacion, CantidadPoblacion, IdPlaneta) values (948736399157, 'Asoka', 23558879, 551195295399379);
insert into EstacionEspacial (IdEstacion, NombreComunEstacion, CantidadPoblacion, IdPlaneta) values (239320443099, 'Biodex', 33759245, 697796996531023);
insert into EstacionEspacial (IdEstacion, NombreComunEstacion, CantidadPoblacion, IdPlaneta) values (667908222405, 'Stronghold', 73095716, 318389302295066);
insert into EstacionEspacial (IdEstacion, NombreComunEstacion, CantidadPoblacion, IdPlaneta) values (120519772716, 'Fintone', 45293918, 560163818497355);
insert into EstacionEspacial (IdEstacion, NombreComunEstacion, CantidadPoblacion, IdPlaneta) values (028375558748, 'Wrapsafe', 2450962, 606110033815306);
insert into EstacionEspacial (IdEstacion, NombreComunEstacion, CantidadPoblacion, IdPlaneta) values (871130356565, 'Zathin', 1105543, 866213788727373);
insert into EstacionEspacial (IdEstacion, NombreComunEstacion, CantidadPoblacion, IdPlaneta) values (927855511350, 'Fixflex', 642157, 733268188901113);
insert into EstacionEspacial (IdEstacion, NombreComunEstacion, CantidadPoblacion, IdPlaneta) values (541364221426, 'Tempsoft', 17407023, 118755470088576);
insert into EstacionEspacial (IdEstacion, NombreComunEstacion, CantidadPoblacion, IdPlaneta) values (683864052240, 'Zoolab', 90204005, 665287895084577);
insert into EstacionEspacial (IdEstacion, NombreComunEstacion, CantidadPoblacion, IdPlaneta) values (459005184461, 'Voyatouch', 71595691, 352180317938868);
insert into EstacionEspacial (IdEstacion, NombreComunEstacion, CantidadPoblacion, IdPlaneta) values (527322245346, 'Prodder', 86200857, 444146304280479);
insert into EstacionEspacial (IdEstacion, NombreComunEstacion, CantidadPoblacion, IdPlaneta) values (520027837078, 'Lotstring', 23915459, 157333652457522);
insert into EstacionEspacial (IdEstacion, NombreComunEstacion, CantidadPoblacion, IdPlaneta) values (003098930289, 'Gembucket', 107395, 807820001762800);
insert into EstacionEspacial (IdEstacion, NombreComunEstacion, CantidadPoblacion, IdPlaneta) values (439480337767, 'Y-Solowarm', 87511830, 484080312352195);
insert into EstacionEspacial (IdEstacion, NombreComunEstacion, CantidadPoblacion, IdPlaneta) values (872190369923, 'Cardify', 10406738, 468228663535415);
insert into EstacionEspacial (IdEstacion, NombreComunEstacion, CantidadPoblacion, IdPlaneta) values (999472818290, 'Latlux', 56948153, 522684881897307);
insert into EstacionEspacial (IdEstacion, NombreComunEstacion, CantidadPoblacion, IdPlaneta) values (985225116825, 'Prodder', 59434528, 364970162009883);
insert into EstacionEspacial (IdEstacion, NombreComunEstacion, CantidadPoblacion, IdPlaneta) values (059676056899, 'Fixflex', 91087100, 276115217153330);
insert into EstacionEspacial (IdEstacion, NombreComunEstacion, CantidadPoblacion, IdPlaneta) values (276753256690, 'Matsoft', 6606425, 820184722336912);
insert into EstacionEspacial (IdEstacion, NombreComunEstacion, CantidadPoblacion, IdPlaneta) values (123601654274, 'Solarbreeze', 92692466, 819445029325708);
insert into EstacionEspacial (IdEstacion, NombreComunEstacion, CantidadPoblacion, IdPlaneta) values (284920257720, 'Y-Solowarm', 2097240, 151771605242265);
insert into EstacionEspacial (IdEstacion, NombreComunEstacion, CantidadPoblacion, IdPlaneta) values (663027540450, 'Latlux', 41729340, 221100430275414);
insert into EstacionEspacial (IdEstacion, NombreComunEstacion, CantidadPoblacion, IdPlaneta) values (136818811848, 'Rank', 92672138, 305848484031319);
insert into EstacionEspacial (IdEstacion, NombreComunEstacion, CantidadPoblacion, IdPlaneta) values (669047640629, 'Fintone', 25820791, 329456293863637);
insert into EstacionEspacial (IdEstacion, NombreComunEstacion, CantidadPoblacion, IdPlaneta) values (563601493664, 'Temp', 87173441, 815117380710177);
insert into EstacionEspacial (IdEstacion, NombreComunEstacion, CantidadPoblacion, IdPlaneta) values (206420589508, 'Bytecard', 80267574, 824273262573558);
insert into EstacionEspacial (IdEstacion, NombreComunEstacion, CantidadPoblacion, IdPlaneta) values (459412025830, 'Holdlamis', 37758623, 487964003920766);
insert into EstacionEspacial (IdEstacion, NombreComunEstacion, CantidadPoblacion, IdPlaneta) values (368259370518, 'Toughjoyfax', 45307306, 907691672031717);
insert into EstacionEspacial (IdEstacion, NombreComunEstacion, CantidadPoblacion, IdPlaneta) values (735431860004, 'Zaam-Dox', 23881050, 814889777841107);
insert into EstacionEspacial (IdEstacion, NombreComunEstacion, CantidadPoblacion, IdPlaneta) values (387461967710, 'Ronstring', 88827354, 575292073692182);
insert into EstacionEspacial (IdEstacion, NombreComunEstacion, CantidadPoblacion, IdPlaneta) values (115675391316, 'Zoolab', 12297864, 702977738452184);
insert into EstacionEspacial (IdEstacion, NombreComunEstacion, CantidadPoblacion, IdPlaneta) values (641749974183, 'Y-find', 93380240, 552463892457776);
insert into EstacionEspacial (IdEstacion, NombreComunEstacion, CantidadPoblacion, IdPlaneta) values (976369001406, 'Daltfresh', 48440080, 466808133871705);
insert into EstacionEspacial (IdEstacion, NombreComunEstacion, CantidadPoblacion, IdPlaneta) values (640751164445, 'It', 57363869, 660408526841185);
insert into EstacionEspacial (IdEstacion, NombreComunEstacion, CantidadPoblacion, IdPlaneta) values (299559121941, 'Span', 9195425, 843801024734904);
insert into EstacionEspacial (IdEstacion, NombreComunEstacion, CantidadPoblacion, IdPlaneta) values (364760585150, 'Holdlamis', 32709794, 759263263023511);
insert into EstacionEspacial (IdEstacion, NombreComunEstacion, CantidadPoblacion, IdPlaneta) values (368101295642, 'Tampflex', 66187895, 350150590720445);
insert into EstacionEspacial (IdEstacion, NombreComunEstacion, CantidadPoblacion, IdPlaneta) values (610822545172, 'Tampflex', 78273643, 897741501841799);
insert into EstacionEspacial (IdEstacion, NombreComunEstacion, CantidadPoblacion, IdPlaneta) values (784467474754, 'Zoolab', 53565183, 903465607368211);
insert into EstacionEspacial (IdEstacion, NombreComunEstacion, CantidadPoblacion, IdPlaneta) values (196364705815, 'Quo Lux', 14152032, 857712656065452);
insert into EstacionEspacial (IdEstacion, NombreComunEstacion, CantidadPoblacion, IdPlaneta) values (505986976366, 'Keylex', 95658496, 235897872901589);
insert into EstacionEspacial (IdEstacion, NombreComunEstacion, CantidadPoblacion, IdPlaneta) values (141360026250, 'Hatity', 67208685, 263201709295003);
insert into EstacionEspacial (IdEstacion, NombreComunEstacion, CantidadPoblacion, IdPlaneta) values (683280538986, 'Alphazap', 43559735, 589151255002785);
insert into EstacionEspacial (IdEstacion, NombreComunEstacion, CantidadPoblacion, IdPlaneta) values (707599535621, 'Overhold', 35397666, 337833048409375);
insert into EstacionEspacial (IdEstacion, NombreComunEstacion, CantidadPoblacion, IdPlaneta) values (247607574446, 'Lotstring', 42765760, 194751066914096);
insert into EstacionEspacial (IdEstacion, NombreComunEstacion, CantidadPoblacion, IdPlaneta) values (505438777097, 'Stim', 78541585, 311802088021630);
insert into EstacionEspacial (IdEstacion, NombreComunEstacion, CantidadPoblacion, IdPlaneta) values (758556551015, 'Fix San', 61366389, 271116832596914);
insert into EstacionEspacial (IdEstacion, NombreComunEstacion, CantidadPoblacion, IdPlaneta) values (224564792225, 'Pannier', 45229017, 581872011147345);
insert into EstacionEspacial (IdEstacion, NombreComunEstacion, CantidadPoblacion, IdPlaneta) values (487156609727, 'It', 90064627, 945493512728477);
insert into EstacionEspacial (IdEstacion, NombreComunEstacion, CantidadPoblacion, IdPlaneta) values (515288508923, 'Stronghold', 76255611, 580282460951581);
insert into EstacionEspacial (IdEstacion, NombreComunEstacion, CantidadPoblacion, IdPlaneta) values (354058822702, 'Greenlam', 74946169, 383688689075140);
insert into EstacionEspacial (IdEstacion, NombreComunEstacion, CantidadPoblacion, IdPlaneta) values (450520544847, 'Overhold', 24100694, 861596679216097);
insert into EstacionEspacial (IdEstacion, NombreComunEstacion, CantidadPoblacion, IdPlaneta) values (799646305985, 'Flowdesk', 22788937, 484874778773574);
insert into EstacionEspacial (IdEstacion, NombreComunEstacion, CantidadPoblacion, IdPlaneta) values (491336676314, 'Flexidy', 58198057, 342140945473401);
insert into EstacionEspacial (IdEstacion, NombreComunEstacion, CantidadPoblacion, IdPlaneta) values (429814551836, 'Tres-Zap', 19838364, 621866358479219);
insert into EstacionEspacial (IdEstacion, NombreComunEstacion, CantidadPoblacion, IdPlaneta) values (337484724220, 'Cardify', 95448142, 206652208901587);
insert into EstacionEspacial (IdEstacion, NombreComunEstacion, CantidadPoblacion, IdPlaneta) values (512257176639, 'Tres-Zap', 92097407, 308292117966998);
insert into EstacionEspacial (IdEstacion, NombreComunEstacion, CantidadPoblacion, IdPlaneta) values (129819269711, 'Viva', 69550797, 126850405609495);
insert into EstacionEspacial (IdEstacion, NombreComunEstacion, CantidadPoblacion, IdPlaneta) values (996949820705, 'Holdlamis', 42389094, 326293398901596);
insert into EstacionEspacial (IdEstacion, NombreComunEstacion, CantidadPoblacion, IdPlaneta) values (838553313983, 'Sonair', 12286926, 320615947889341);
insert into EstacionEspacial (IdEstacion, NombreComunEstacion, CantidadPoblacion, IdPlaneta) values (212385014844, 'Solarbreeze', 76081991, 839878435097276);
insert into EstacionEspacial (IdEstacion, NombreComunEstacion, CantidadPoblacion, IdPlaneta) values (111635223044, 'Tampflex', 16806887, 261141864749104);
insert into EstacionEspacial (IdEstacion, NombreComunEstacion, CantidadPoblacion, IdPlaneta) values (553178164647, 'Fintone', 72405145, 297193164140440);
insert into EstacionEspacial (IdEstacion, NombreComunEstacion, CantidadPoblacion, IdPlaneta) values (547797122854, 'Sub-Ex', 34295869, 287794090087656);
insert into EstacionEspacial (IdEstacion, NombreComunEstacion, CantidadPoblacion, IdPlaneta) values (066608863613, 'Fintone', 37695968, 657445861254835);
insert into EstacionEspacial (IdEstacion, NombreComunEstacion, CantidadPoblacion, IdPlaneta) values (916488142614, 'Tin', 7384209, 239860121166019);
insert into EstacionEspacial (IdEstacion, NombreComunEstacion, CantidadPoblacion, IdPlaneta) values (649044450984, 'Domainer', 78720418, 715220547290739);
insert into EstacionEspacial (IdEstacion, NombreComunEstacion, CantidadPoblacion, IdPlaneta) values (892035171303, 'Daltfresh', 96452739, 133188273654181);
insert into EstacionEspacial (IdEstacion, NombreComunEstacion, CantidadPoblacion, IdPlaneta) values (471834532684, 'Mat Lam Tam', 8711202, 478604384141802);
insert into EstacionEspacial (IdEstacion, NombreComunEstacion, CantidadPoblacion, IdPlaneta) values (820475620172, 'Flexidy', 41153391, 712820781222487);
insert into EstacionEspacial (IdEstacion, NombreComunEstacion, CantidadPoblacion, IdPlaneta) values (405764651419, 'Zontrax', 15092962, 316338653320677);




insert into Recurso (NombreRecurso, CantidadRecurso, IdPlaneta) values ('Diamante', 44020806, 131472088872978);
insert into Recurso (NombreRecurso, CantidadRecurso, IdPlaneta) values ('Azufre', 81984283, 417975357685977);
insert into Recurso (NombreRecurso, CantidadRecurso, IdPlaneta) values ('Carne', 24587340, 888345831711044);
insert into Recurso (NombreRecurso, CantidadRecurso, IdPlaneta) values ('Carne', 91717066, 796782743647122);
insert into Recurso (NombreRecurso, CantidadRecurso, IdPlaneta) values ('Platino', 85994125, 460317997567288);
insert into Recurso (NombreRecurso, CantidadRecurso, IdPlaneta) values ('Arena', 88104469, 334954890671719);
insert into Recurso (NombreRecurso, CantidadRecurso, IdPlaneta) values ('Platino', 16453705, 608011836017211);
insert into Recurso (NombreRecurso, CantidadRecurso, IdPlaneta) values ('Azufre', 59326097, 672847160673433);
insert into Recurso (NombreRecurso, CantidadRecurso, IdPlaneta) values ('Hierro', 93422031, 641900540902788);
insert into Recurso (NombreRecurso, CantidadRecurso, IdPlaneta) values ('Carbon', 6973323, 303535350513533);
insert into Recurso (NombreRecurso, CantidadRecurso, IdPlaneta) values ('Titanio', 55410490, 936728931042812);
insert into Recurso (NombreRecurso, CantidadRecurso, IdPlaneta) values ('Arena', 92394306, 388339726903104);
insert into Recurso (NombreRecurso, CantidadRecurso, IdPlaneta) values ('Azufre', 74014815, 279210362259500);
insert into Recurso (NombreRecurso, CantidadRecurso, IdPlaneta) values ('Madera', 57271378, 941010079336060);
insert into Recurso (NombreRecurso, CantidadRecurso, IdPlaneta) values ('Titanio', 86530238, 640956902052957);
insert into Recurso (NombreRecurso, CantidadRecurso, IdPlaneta) values ('Platino', 23103309, 732245021191311);
insert into Recurso (NombreRecurso, CantidadRecurso, IdPlaneta) values ('Madera', 93167024, 186212829702652);
insert into Recurso (NombreRecurso, CantidadRecurso, IdPlaneta) values ('Azufre', 25208801, 996057079728469);
insert into Recurso (NombreRecurso, CantidadRecurso, IdPlaneta) values ('Arena', 41969648, 489691046467286);
insert into Recurso (NombreRecurso, CantidadRecurso, IdPlaneta) values ('Carbon', 68570712, 225385192473909);
insert into Recurso (NombreRecurso, CantidadRecurso, IdPlaneta) values ('Titanio', 29290229, 288357498591544);
insert into Recurso (NombreRecurso, CantidadRecurso, IdPlaneta) values ('Titanio', 86589493, 597864707299115);
insert into Recurso (NombreRecurso, CantidadRecurso, IdPlaneta) values ('Arena', 76347953, 146443638784487);
insert into Recurso (NombreRecurso, CantidadRecurso, IdPlaneta) values ('Carbon', 24719322, 664112489757338);
insert into Recurso (NombreRecurso, CantidadRecurso, IdPlaneta) values ('Titanio', 24181262, 753975156383844);
insert into Recurso (NombreRecurso, CantidadRecurso, IdPlaneta) values ('Titanio', 21686425, 397294113000947);
insert into Recurso (NombreRecurso, CantidadRecurso, IdPlaneta) values ('Titanio', 11745119, 938534836218619);
insert into Recurso (NombreRecurso, CantidadRecurso, IdPlaneta) values ('Titanio', 97116364, 856502163440126);
insert into Recurso (NombreRecurso, CantidadRecurso, IdPlaneta) values ('Platino', 51170217, 125831625363201);
insert into Recurso (NombreRecurso, CantidadRecurso, IdPlaneta) values ('Hierro', 39634584, 524825975696811);
insert into Recurso (NombreRecurso, CantidadRecurso, IdPlaneta) values ('Carbon', 79989511, 584548385535990);
insert into Recurso (NombreRecurso, CantidadRecurso, IdPlaneta) values ('Carne', 75109232, 151857901100990);
insert into Recurso (NombreRecurso, CantidadRecurso, IdPlaneta) values ('Carbon', 10696292, 882936732281983);
insert into Recurso (NombreRecurso, CantidadRecurso, IdPlaneta) values ('Carbon', 11348997, 601881432891086);
insert into Recurso (NombreRecurso, CantidadRecurso, IdPlaneta) values ('Hierro', 48153238, 852566490849986);
insert into Recurso (NombreRecurso, CantidadRecurso, IdPlaneta) values ('Platino', 96372730, 878795767299304);
insert into Recurso (NombreRecurso, CantidadRecurso, IdPlaneta) values ('Hierro', 87755145, 648960715528319);
insert into Recurso (NombreRecurso, CantidadRecurso, IdPlaneta) values ('Diamante', 23405215, 894907560922296);
insert into Recurso (NombreRecurso, CantidadRecurso, IdPlaneta) values ('Carne', 16085222, 635182486553661);
insert into Recurso (NombreRecurso, CantidadRecurso, IdPlaneta) values ('Diamante', 50316248, 904127944424080);
insert into Recurso (NombreRecurso, CantidadRecurso, IdPlaneta) values ('Hierro', 1281987, 857763900954090);
insert into Recurso (NombreRecurso, CantidadRecurso, IdPlaneta) values ('Titanio', 24346356, 705784772727564);
insert into Recurso (NombreRecurso, CantidadRecurso, IdPlaneta) values ('Titanio', 51393136, 637875797447837);
insert into Recurso (NombreRecurso, CantidadRecurso, IdPlaneta) values ('Diamante', 60211312, 173709414935849);
insert into Recurso (NombreRecurso, CantidadRecurso, IdPlaneta) values ('Platino', 39964003, 586252874287506);
insert into Recurso (NombreRecurso, CantidadRecurso, IdPlaneta) values ('Azufre', 21771607, 680335894466150);
insert into Recurso (NombreRecurso, CantidadRecurso, IdPlaneta) values ('Platino', 78884970, 598947391661659);
insert into Recurso (NombreRecurso, CantidadRecurso, IdPlaneta) values ('Arena', 22981711, 870263671403619);
insert into Recurso (NombreRecurso, CantidadRecurso, IdPlaneta) values ('Carbon', 16176513, 584076474789282);
insert into Recurso (NombreRecurso, CantidadRecurso, IdPlaneta) values ('Carne', 32953585, 445174696512682);
insert into Recurso (NombreRecurso, CantidadRecurso, IdPlaneta) values ('Hierro', 74929287, 297111325809910);
insert into Recurso (NombreRecurso, CantidadRecurso, IdPlaneta) values ('Azufre', 6827447, 963960058629155);
insert into Recurso (NombreRecurso, CantidadRecurso, IdPlaneta) values ('Arena', 84088639, 762263385900019);
insert into Recurso (NombreRecurso, CantidadRecurso, IdPlaneta) values ('Carbon', 13313740, 213263661882093);
insert into Recurso (NombreRecurso, CantidadRecurso, IdPlaneta) values ('Titanio', 38662815, 861572655909092);
insert into Recurso (NombreRecurso, CantidadRecurso, IdPlaneta) values ('Hierro', 12902968, 453706789415567);
insert into Recurso (NombreRecurso, CantidadRecurso, IdPlaneta) values ('Arena', 85136274, 447628014805016);
insert into Recurso (NombreRecurso, CantidadRecurso, IdPlaneta) values ('Hierro', 39436974, 154504781255369);
insert into Recurso (NombreRecurso, CantidadRecurso, IdPlaneta) values ('Arena', 98469533, 431192318131203);
insert into Recurso (NombreRecurso, CantidadRecurso, IdPlaneta) values ('Carbon', 1608021, 686331418004817);
insert into Recurso (NombreRecurso, CantidadRecurso, IdPlaneta) values ('Platino', 72317481, 636629974564621);
insert into Recurso (NombreRecurso, CantidadRecurso, IdPlaneta) values ('Platino', 87217010, 731803963460597);
insert into Recurso (NombreRecurso, CantidadRecurso, IdPlaneta) values ('Platino', 48593869, 289339027224806);
insert into Recurso (NombreRecurso, CantidadRecurso, IdPlaneta) values ('Hierro', 25427711, 885196815401956);
insert into Recurso (NombreRecurso, CantidadRecurso, IdPlaneta) values ('Carne', 51451611, 790444785310012);
insert into Recurso (NombreRecurso, CantidadRecurso, IdPlaneta) values ('Titanio', 69629006, 540108794035962);
insert into Recurso (NombreRecurso, CantidadRecurso, IdPlaneta) values ('Titanio', 30542123, 969007720511584);
insert into Recurso (NombreRecurso, CantidadRecurso, IdPlaneta) values ('Titanio', 12358978, 894330448534013);
insert into Recurso (NombreRecurso, CantidadRecurso, IdPlaneta) values ('Arena', 19669007, 421616455879590);
insert into Recurso (NombreRecurso, CantidadRecurso, IdPlaneta) values ('Platino', 39392136, 643183948576520);
insert into Recurso (NombreRecurso, CantidadRecurso, IdPlaneta) values ('Madera', 61254278, 783362514748417);
insert into Recurso (NombreRecurso, CantidadRecurso, IdPlaneta) values ('Titanio', 4300974, 927980797256169);
insert into Recurso (NombreRecurso, CantidadRecurso, IdPlaneta) values ('Carne', 16482902, 698748599027493);
insert into Recurso (NombreRecurso, CantidadRecurso, IdPlaneta) values ('Arena', 93088145, 664673392107985);
insert into Recurso (NombreRecurso, CantidadRecurso, IdPlaneta) values ('Arena', 65892388, 390331240428329);
insert into Recurso (NombreRecurso, CantidadRecurso, IdPlaneta) values ('Carbon', 5976254, 334092009502123);
insert into Recurso (NombreRecurso, CantidadRecurso, IdPlaneta) values ('Titanio', 17530259, 751767304181636);
insert into Recurso (NombreRecurso, CantidadRecurso, IdPlaneta) values ('Diamante', 78961193, 395485178411803);
insert into Recurso (NombreRecurso, CantidadRecurso, IdPlaneta) values ('Hierro', 83761743, 581630237823852);
insert into Recurso (NombreRecurso, CantidadRecurso, IdPlaneta) values ('Carbon', 72921801, 946635007986380);
insert into Recurso (NombreRecurso, CantidadRecurso, IdPlaneta) values ('Carbon', 86369903, 361850101713385);
insert into Recurso (NombreRecurso, CantidadRecurso, IdPlaneta) values ('Diamante', 78989615, 966277966551724);
insert into Recurso (NombreRecurso, CantidadRecurso, IdPlaneta) values ('Diamante', 47928653, 868313822450410);
insert into Recurso (NombreRecurso, CantidadRecurso, IdPlaneta) values ('Arena', 61606951, 896348225316863);
insert into Recurso (NombreRecurso, CantidadRecurso, IdPlaneta) values ('Azufre', 24354066, 983244247247029);
insert into Recurso (NombreRecurso, CantidadRecurso, IdPlaneta) values ('Azufre', 10848637, 768452306221013);
insert into Recurso (NombreRecurso, CantidadRecurso, IdPlaneta) values ('Azufre', 64132434, 699376528536750);
insert into Recurso (NombreRecurso, CantidadRecurso, IdPlaneta) values ('Diamante', 6654476, 510090688892310);
insert into Recurso (NombreRecurso, CantidadRecurso, IdPlaneta) values ('Carne', 51068791, 649805006293402);
insert into Recurso (NombreRecurso, CantidadRecurso, IdPlaneta) values ('Titanio', 49320121, 640833572748327);
insert into Recurso (NombreRecurso, CantidadRecurso, IdPlaneta) values ('Diamante', 63961782, 780204711826316);
insert into Recurso (NombreRecurso, CantidadRecurso, IdPlaneta) values ('Platino', 28101352, 773547734451239);
insert into Recurso (NombreRecurso, CantidadRecurso, IdPlaneta) values ('Carne', 85833003, 501719133857549);
insert into Recurso (NombreRecurso, CantidadRecurso, IdPlaneta) values ('Carne', 93153638, 673605923362750);
insert into Recurso (NombreRecurso, CantidadRecurso, IdPlaneta) values ('Titanio', 71809461, 230041035655795);
insert into Recurso (NombreRecurso, CantidadRecurso, IdPlaneta) values ('Diamante', 47625913, 821300132720263);
insert into Recurso (NombreRecurso, CantidadRecurso, IdPlaneta) values ('Diamante', 72412291, 503984037888003);
insert into Recurso (NombreRecurso, CantidadRecurso, IdPlaneta) values ('Platino', 64703442, 253616035072550);
insert into Recurso (NombreRecurso, CantidadRecurso, IdPlaneta) values ('Titanio', 96503616, 103726758634932);
insert into Recurso (NombreRecurso, CantidadRecurso, IdPlaneta) values ('Madera', 32688836, 365461385950645);
insert into Recurso (NombreRecurso, CantidadRecurso, IdPlaneta) values ('Platino', 36166256, 536520438695300);
insert into Recurso (NombreRecurso, CantidadRecurso, IdPlaneta) values ('Carbon', 19858502, 729029643561456);
insert into Recurso (NombreRecurso, CantidadRecurso, IdPlaneta) values ('Azufre', 17693906, 211079125599641);
insert into Recurso (NombreRecurso, CantidadRecurso, IdPlaneta) values ('Diamante', 99118116, 332954609679382);
insert into Recurso (NombreRecurso, CantidadRecurso, IdPlaneta) values ('Azufre', 24171627, 177387782580275);
insert into Recurso (NombreRecurso, CantidadRecurso, IdPlaneta) values ('Carbon', 59689307, 503856967860205);
insert into Recurso (NombreRecurso, CantidadRecurso, IdPlaneta) values ('Titanio', 75684785, 750321609839451);
insert into Recurso (NombreRecurso, CantidadRecurso, IdPlaneta) values ('Titanio', 99840970, 461761046527655);
insert into Recurso (NombreRecurso, CantidadRecurso, IdPlaneta) values ('Arena', 47167415, 341455134470920);
insert into Recurso (NombreRecurso, CantidadRecurso, IdPlaneta) values ('Carne', 15846817, 140247734410888);
insert into Recurso (NombreRecurso, CantidadRecurso, IdPlaneta) values ('Platino', 99520547, 785223110675391);
insert into Recurso (NombreRecurso, CantidadRecurso, IdPlaneta) values ('Azufre', 40240274, 251762234157865);
insert into Recurso (NombreRecurso, CantidadRecurso, IdPlaneta) values ('Titanio', 14556613, 479455807804473);
insert into Recurso (NombreRecurso, CantidadRecurso, IdPlaneta) values ('Platino', 50289224, 709909026622581);
insert into Recurso (NombreRecurso, CantidadRecurso, IdPlaneta) values ('Carbon', 85542468, 511975418216437);
insert into Recurso (NombreRecurso, CantidadRecurso, IdPlaneta) values ('Carne', 94792868, 678196356265232);
insert into Recurso (NombreRecurso, CantidadRecurso, IdPlaneta) values ('Platino', 54591739, 531170031254804);
insert into Recurso (NombreRecurso, CantidadRecurso, IdPlaneta) values ('Carbon', 10193238, 163887016455738);
insert into Recurso (NombreRecurso, CantidadRecurso, IdPlaneta) values ('Diamante', 55499706, 116338685731271);
insert into Recurso (NombreRecurso, CantidadRecurso, IdPlaneta) values ('Madera', 54014133, 427761541531180);
insert into Recurso (NombreRecurso, CantidadRecurso, IdPlaneta) values ('Azufre', 60775680, 206914210775709);
insert into Recurso (NombreRecurso, CantidadRecurso, IdPlaneta) values ('Madera', 32822625, 750796171664553);
insert into Recurso (NombreRecurso, CantidadRecurso, IdPlaneta) values ('Arena', 38740849, 654128366052115);
insert into Recurso (NombreRecurso, CantidadRecurso, IdPlaneta) values ('Carne', 77132441, 261768273770418);
insert into Recurso (NombreRecurso, CantidadRecurso, IdPlaneta) values ('Carbon', 94621819, 477574887961882);
insert into Recurso (NombreRecurso, CantidadRecurso, IdPlaneta) values ('Hierro', 27788628, 492194776613231);
insert into Recurso (NombreRecurso, CantidadRecurso, IdPlaneta) values ('Arena', 36333508, 466242825526681);
insert into Recurso (NombreRecurso, CantidadRecurso, IdPlaneta) values ('Diamante', 22138638, 656393341757017);
insert into Recurso (NombreRecurso, CantidadRecurso, IdPlaneta) values ('Titanio', 28067948, 551195295399379);
insert into Recurso (NombreRecurso, CantidadRecurso, IdPlaneta) values ('Carne', 93858957, 697796996531023);
insert into Recurso (NombreRecurso, CantidadRecurso, IdPlaneta) values ('Diamante', 30428849, 318389302295066);
insert into Recurso (NombreRecurso, CantidadRecurso, IdPlaneta) values ('Azufre', 99452979, 560163818497355);
insert into Recurso (NombreRecurso, CantidadRecurso, IdPlaneta) values ('Platino', 56056235, 606110033815306);
insert into Recurso (NombreRecurso, CantidadRecurso, IdPlaneta) values ('Carbon', 18193803, 866213788727373);
insert into Recurso (NombreRecurso, CantidadRecurso, IdPlaneta) values ('Carne', 5364664, 733268188901113);
insert into Recurso (NombreRecurso, CantidadRecurso, IdPlaneta) values ('Azufre', 8043600, 118755470088576);
insert into Recurso (NombreRecurso, CantidadRecurso, IdPlaneta) values ('Madera', 30508688, 665287895084577);
insert into Recurso (NombreRecurso, CantidadRecurso, IdPlaneta) values ('Titanio', 90775503, 352180317938868);
insert into Recurso (NombreRecurso, CantidadRecurso, IdPlaneta) values ('Diamante', 75349393, 444146304280479);
insert into Recurso (NombreRecurso, CantidadRecurso, IdPlaneta) values ('Carbon', 28167293, 157333652457522);
insert into Recurso (NombreRecurso, CantidadRecurso, IdPlaneta) values ('Titanio', 2189422, 807820001762800);
insert into Recurso (NombreRecurso, CantidadRecurso, IdPlaneta) values ('Hierro', 54232498, 484080312352195);
insert into Recurso (NombreRecurso, CantidadRecurso, IdPlaneta) values ('Titanio', 35073946, 468228663535415);
insert into Recurso (NombreRecurso, CantidadRecurso, IdPlaneta) values ('Titanio', 22031903, 522684881897307);
insert into Recurso (NombreRecurso, CantidadRecurso, IdPlaneta) values ('Diamante', 38211164, 364970162009883);
insert into Recurso (NombreRecurso, CantidadRecurso, IdPlaneta) values ('Carne', 50500512, 276115217153330);
insert into Recurso (NombreRecurso, CantidadRecurso, IdPlaneta) values ('Madera', 81815086, 820184722336912);
insert into Recurso (NombreRecurso, CantidadRecurso, IdPlaneta) values ('Carne', 60044060, 819445029325708);
insert into Recurso (NombreRecurso, CantidadRecurso, IdPlaneta) values ('Diamante', 63840426, 151771605242265);
insert into Recurso (NombreRecurso, CantidadRecurso, IdPlaneta) values ('Titanio', 56183894, 221100430275414);
insert into Recurso (NombreRecurso, CantidadRecurso, IdPlaneta) values ('Hierro', 64246920, 305848484031319);
insert into Recurso (NombreRecurso, CantidadRecurso, IdPlaneta) values ('Platino', 98708960, 329456293863637);
insert into Recurso (NombreRecurso, CantidadRecurso, IdPlaneta) values ('Carbon', 20994441, 815117380710177);
insert into Recurso (NombreRecurso, CantidadRecurso, IdPlaneta) values ('Platino', 76129432, 824273262573558);
insert into Recurso (NombreRecurso, CantidadRecurso, IdPlaneta) values ('Carbon', 60622656, 487964003920766);
insert into Recurso (NombreRecurso, CantidadRecurso, IdPlaneta) values ('Carne', 66250941, 907691672031717);
insert into Recurso (NombreRecurso, CantidadRecurso, IdPlaneta) values ('Carne', 71857714, 814889777841107);
insert into Recurso (NombreRecurso, CantidadRecurso, IdPlaneta) values ('Azufre', 74871935, 575292073692182);
insert into Recurso (NombreRecurso, CantidadRecurso, IdPlaneta) values ('Azufre', 93012377, 702977738452184);
insert into Recurso (NombreRecurso, CantidadRecurso, IdPlaneta) values ('Madera', 18421951, 552463892457776);
insert into Recurso (NombreRecurso, CantidadRecurso, IdPlaneta) values ('Platino', 38509951, 466808133871705);
insert into Recurso (NombreRecurso, CantidadRecurso, IdPlaneta) values ('Platino', 64944770, 660408526841185);
insert into Recurso (NombreRecurso, CantidadRecurso, IdPlaneta) values ('Diamante', 88583774, 843801024734904);
insert into Recurso (NombreRecurso, CantidadRecurso, IdPlaneta) values ('Hierro', 23967243, 759263263023511);
insert into Recurso (NombreRecurso, CantidadRecurso, IdPlaneta) values ('Carne', 66972515, 350150590720445);
insert into Recurso (NombreRecurso, CantidadRecurso, IdPlaneta) values ('Diamante', 4104689, 897741501841799);
insert into Recurso (NombreRecurso, CantidadRecurso, IdPlaneta) values ('Diamante', 9768881, 903465607368211);
insert into Recurso (NombreRecurso, CantidadRecurso, IdPlaneta) values ('Arena', 82755077, 857712656065452);
insert into Recurso (NombreRecurso, CantidadRecurso, IdPlaneta) values ('Titanio', 56349371, 235897872901589);
insert into Recurso (NombreRecurso, CantidadRecurso, IdPlaneta) values ('Diamante', 98624482, 263201709295003);
insert into Recurso (NombreRecurso, CantidadRecurso, IdPlaneta) values ('Hierro', 41149151, 589151255002785);
insert into Recurso (NombreRecurso, CantidadRecurso, IdPlaneta) values ('Arena', 27078951, 337833048409375);
insert into Recurso (NombreRecurso, CantidadRecurso, IdPlaneta) values ('Carne', 56676320, 194751066914096);
insert into Recurso (NombreRecurso, CantidadRecurso, IdPlaneta) values ('Carne', 12081406, 311802088021630);
insert into Recurso (NombreRecurso, CantidadRecurso, IdPlaneta) values ('Diamante', 62562519, 271116832596914);
insert into Recurso (NombreRecurso, CantidadRecurso, IdPlaneta) values ('Diamante', 32876487, 581872011147345);
insert into Recurso (NombreRecurso, CantidadRecurso, IdPlaneta) values ('Hierro', 73841536, 945493512728477);
insert into Recurso (NombreRecurso, CantidadRecurso, IdPlaneta) values ('Carbon', 26501551, 580282460951581);
insert into Recurso (NombreRecurso, CantidadRecurso, IdPlaneta) values ('Carne', 98709527, 383688689075140);
insert into Recurso (NombreRecurso, CantidadRecurso, IdPlaneta) values ('Azufre', 46383676, 861596679216097);
insert into Recurso (NombreRecurso, CantidadRecurso, IdPlaneta) values ('Azufre', 18885630, 484874778773574);
insert into Recurso (NombreRecurso, CantidadRecurso, IdPlaneta) values ('Platino', 42965779, 342140945473401);
insert into Recurso (NombreRecurso, CantidadRecurso, IdPlaneta) values ('Carne', 93391733, 621866358479219);
insert into Recurso (NombreRecurso, CantidadRecurso, IdPlaneta) values ('Madera', 9955267, 206652208901587);
insert into Recurso (NombreRecurso, CantidadRecurso, IdPlaneta) values ('Titanio', 82268164, 308292117966998);
insert into Recurso (NombreRecurso, CantidadRecurso, IdPlaneta) values ('Platino', 26829199, 126850405609495);
insert into Recurso (NombreRecurso, CantidadRecurso, IdPlaneta) values ('Madera', 39637540, 326293398901596);
insert into Recurso (NombreRecurso, CantidadRecurso, IdPlaneta) values ('Carbon', 14246831, 320615947889341);
insert into Recurso (NombreRecurso, CantidadRecurso, IdPlaneta) values ('Diamante', 66668816, 839878435097276);
insert into Recurso (NombreRecurso, CantidadRecurso, IdPlaneta) values ('Hierro', 93169361, 261141864749104);
insert into Recurso (NombreRecurso, CantidadRecurso, IdPlaneta) values ('Carne', 6375485, 297193164140440);
insert into Recurso (NombreRecurso, CantidadRecurso, IdPlaneta) values ('Azufre', 74926418, 287794090087656);
insert into Recurso (NombreRecurso, CantidadRecurso, IdPlaneta) values ('Madera', 24597531, 657445861254835);
insert into Recurso (NombreRecurso, CantidadRecurso, IdPlaneta) values ('Diamante', 32617652, 239860121166019);
insert into Recurso (NombreRecurso, CantidadRecurso, IdPlaneta) values ('Diamante', 35153864, 715220547290739);
insert into Recurso (NombreRecurso, CantidadRecurso, IdPlaneta) values ('Hierro', 64654006, 133188273654181);
insert into Recurso (NombreRecurso, CantidadRecurso, IdPlaneta) values ('Madera', 2218336, 478604384141802);
insert into Recurso (NombreRecurso, CantidadRecurso, IdPlaneta) values ('Diamante', 21230876, 712820781222487);
insert into Recurso (NombreRecurso, CantidadRecurso, IdPlaneta) values ('Carbon', 1608686, 316338653320677);



insert into Caracteristicas (Tamao, CantidadPoblacion, CantidadAgua, FechaLlegada, Idioma, IdPlaneta) values (8591903186, 51064284, 34329083347918, '2023-10-30', 'Tajik', 131472088872978);
insert into Caracteristicas (Tamao, CantidadPoblacion, CantidadAgua, FechaLlegada, Idioma, IdPlaneta) values (4195118070, 80863302, 20537999977678, '2023-11-13', 'Korean', 417975357685977);
insert into Caracteristicas (Tamao, CantidadPoblacion, CantidadAgua, FechaLlegada, Idioma, IdPlaneta) values (288606897, 94539703, 94117393728529, '2022-07-20', 'Lao', 888345831711044);
insert into Caracteristicas (Tamao, CantidadPoblacion, CantidadAgua, FechaLlegada, Idioma, IdPlaneta) values (7191268075, 14525974, 60767161959724, '2050-06-28', 'Latvian', 796782743647122);
insert into Caracteristicas (Tamao, CantidadPoblacion, CantidadAgua, FechaLlegada, Idioma, IdPlaneta) values (2266700678, 82489186, 88865694862846, '2047-07-01', 'Tajik', 460317997567288);
insert into Caracteristicas (Tamao, CantidadPoblacion, CantidadAgua, FechaLlegada, Idioma, IdPlaneta) values (1287280260, 73771391, 53110483067890, '2033-10-22', 'Latvian', 334954890671719);
insert into Caracteristicas (Tamao, CantidadPoblacion, CantidadAgua, FechaLlegada, Idioma, IdPlaneta) values (3860741752, 69076342, 15053468326698, '2074-12-01', 'Finnish', 608011836017211);
insert into Caracteristicas (Tamao, CantidadPoblacion, CantidadAgua, FechaLlegada, Idioma, IdPlaneta) values (7299333697, 92452446, 52275714121995, '2043-01-22', 'Amharic', 672847160673433);
insert into Caracteristicas (Tamao, CantidadPoblacion, CantidadAgua, FechaLlegada, Idioma, IdPlaneta) values (7183060335, 93121151, 83864439241864, '2044-04-23', 'Greek', 641900540902788);
insert into Caracteristicas (Tamao, CantidadPoblacion, CantidadAgua, FechaLlegada, Idioma, IdPlaneta) values (4956876801, 44920186, 68379330160663, '2077-05-17', 'Yiddish', 303535350513533);
insert into Caracteristicas (Tamao, CantidadPoblacion, CantidadAgua, FechaLlegada, Idioma, IdPlaneta) values (242188433, 70534315, 31191375513952, '2057-04-16', 'Chinese', 936728931042812);
insert into Caracteristicas (Tamao, CantidadPoblacion, CantidadAgua, FechaLlegada, Idioma, IdPlaneta) values (8566856542, 10939421, 63005698947336, '2088-03-22', 'Albanian', 388339726903104);
insert into Caracteristicas (Tamao, CantidadPoblacion, CantidadAgua, FechaLlegada, Idioma, IdPlaneta) values (6034011399, 41279881, 88365702871103, '2067-02-27', 'Khmer', 279210362259500);
insert into Caracteristicas (Tamao, CantidadPoblacion, CantidadAgua, FechaLlegada, Idioma, IdPlaneta) values (3337514085, 58893316, 91321176894121, '2089-03-01', 'Swedish', 941010079336060);
insert into Caracteristicas (Tamao, CantidadPoblacion, CantidadAgua, FechaLlegada, Idioma, IdPlaneta) values (455293689, 47590504, 63633169135959, '2070-02-16', 'Irish Gaelic', 640956902052957);
insert into Caracteristicas (Tamao, CantidadPoblacion, CantidadAgua, FechaLlegada, Idioma, IdPlaneta) values (937267351, 38998478, 99452958917732, '2099-12-28', 'Azeri', 732245021191311);
insert into Caracteristicas (Tamao, CantidadPoblacion, CantidadAgua, FechaLlegada, Idioma, IdPlaneta) values (3692761041, 47012311, 79517024675261, '2037-11-27', 'Swati', 186212829702652);
insert into Caracteristicas (Tamao, CantidadPoblacion, CantidadAgua, FechaLlegada, Idioma, IdPlaneta) values (6394032851, 95143899, 50685272895938, '2044-11-28', 'Hindi', 996057079728469);
insert into Caracteristicas (Tamao, CantidadPoblacion, CantidadAgua, FechaLlegada, Idioma, IdPlaneta) values (2126603872, 29790685, 29146995922095, '2088-07-30', 'Catalan', 489691046467286);
insert into Caracteristicas (Tamao, CantidadPoblacion, CantidadAgua, FechaLlegada, Idioma, IdPlaneta) values (196337637, 86963496, 4995466789623, '2100-09-11', 'Malagasy', 225385192473909);
insert into Caracteristicas (Tamao, CantidadPoblacion, CantidadAgua, FechaLlegada, Idioma, IdPlaneta) values (2384683827, 48964445, 43080483287066, '2120-10-07', 'Montenegrin', 288357498591544);
insert into Caracteristicas (Tamao, CantidadPoblacion, CantidadAgua, FechaLlegada, Idioma, IdPlaneta) values (4674327690, 80843993, 67770509874844, '2049-11-16', 'Latvian', 597864707299115);
insert into Caracteristicas (Tamao, CantidadPoblacion, CantidadAgua, FechaLlegada, Idioma, IdPlaneta) values (6105769590, 21227262, 82022573413862, '2050-08-30', 'Korean', 146443638784487);
insert into Caracteristicas (Tamao, CantidadPoblacion, CantidadAgua, FechaLlegada, Idioma, IdPlaneta) values (8484281573, 46262705, 81215799174251, '2044-09-12', 'Portuguese', 664112489757338);
insert into Caracteristicas (Tamao, CantidadPoblacion, CantidadAgua, FechaLlegada, Idioma, IdPlaneta) values (7732714380, 92057380, 38229966953680, '2100-10-11', 'Polish', 753975156383844);
insert into Caracteristicas (Tamao, CantidadPoblacion, CantidadAgua, FechaLlegada, Idioma, IdPlaneta) values (6967075116, 4068788, 90671973733401, '2120-07-02', 'Quechua', 397294113000947);
insert into Caracteristicas (Tamao, CantidadPoblacion, CantidadAgua, FechaLlegada, Idioma, IdPlaneta) values (278487959, 35169609, 91350886571518, '2200-01-01', 'German', 938534836218619);
insert into Caracteristicas (Tamao, CantidadPoblacion, CantidadAgua, FechaLlegada, Idioma, IdPlaneta) values (738370287, 76665660, 36227277035815, '2170-01-04', 'Aymara', 856502163440126);
insert into Caracteristicas (Tamao, CantidadPoblacion, CantidadAgua, FechaLlegada, Idioma, IdPlaneta) values (5338618417, 69530728, 99366534640947, '2180-03-07', 'Tok Pisin', 125831625363201);
insert into Caracteristicas (Tamao, CantidadPoblacion, CantidadAgua, FechaLlegada, Idioma, IdPlaneta) values (5579149064, 19526055, 90667664329166, '2190-04-06', 'Pashto', 524825975696811);
insert into Caracteristicas (Tamao, CantidadPoblacion, CantidadAgua, FechaLlegada, Idioma, IdPlaneta) values (6361264425, 25914938, 17536696901965, '2084-05-26', 'Somali', 584548385535990);
insert into Caracteristicas (Tamao, CantidadPoblacion, CantidadAgua, FechaLlegada, Idioma, IdPlaneta) values (6433109800, 13583359, 62596337134399, '2100-06-20', 'Estonian', 151857901100990);
insert into Caracteristicas (Tamao, CantidadPoblacion, CantidadAgua, FechaLlegada, Idioma, IdPlaneta) values (7013186269, 64290443, 60572764974555, '2092-03-03', 'Telugu', 882936732281983);
insert into Caracteristicas (Tamao, CantidadPoblacion, CantidadAgua, FechaLlegada, Idioma, IdPlaneta) values (7528440773, 12084870, 48632706715792, '2091-02-04', 'Mongolian', 601881432891086);
insert into Caracteristicas (Tamao, CantidadPoblacion, CantidadAgua, FechaLlegada, Idioma, IdPlaneta) values (4040066543, 73132771, 17299026781979, '2087-04-07', 'Oriya', 852566490849986);
insert into Caracteristicas (Tamao, CantidadPoblacion, CantidadAgua, FechaLlegada, Idioma, IdPlaneta) values (99239018, 53462152, 48435767862359, '2072-10-10', 'Moldovan', 878795767299304);
insert into Caracteristicas (Tamao, CantidadPoblacion, CantidadAgua, FechaLlegada, Idioma, IdPlaneta) values (6500237272, 60369529, 53267010376552, '2046-09-19', 'Tsonga', 648960715528319);
insert into Caracteristicas (Tamao, CantidadPoblacion, CantidadAgua, FechaLlegada, Idioma, IdPlaneta) values (8579875964, 3979873, 71980712462089, '2077-08-16', 'Tamil', 894907560922296);
insert into Caracteristicas (Tamao, CantidadPoblacion, CantidadAgua, FechaLlegada, Idioma, IdPlaneta) values (2083767035, 35999890, 5325251390715, '2059-10-12', 'Belarusian', 635182486553661);
insert into Caracteristicas (Tamao, CantidadPoblacion, CantidadAgua, FechaLlegada, Idioma, IdPlaneta) values (6665195216, 88733823, 98456097858995, '2062-12-05', 'French', 904127944424080);
insert into Caracteristicas (Tamao, CantidadPoblacion, CantidadAgua, FechaLlegada, Idioma, IdPlaneta) values (4862339812, 53263958, 42614128019402, '2077-12-12', 'Afrikaans', 857763900954090);
insert into Caracteristicas (Tamao, CantidadPoblacion, CantidadAgua, FechaLlegada, Idioma, IdPlaneta) values (4907244785, 99476210, 43367297138422, '2069-08-11', 'Indonesian', 705784772727564);
insert into Caracteristicas (Tamao, CantidadPoblacion, CantidadAgua, FechaLlegada, Idioma, IdPlaneta) values (4442059317, 67684826, 13883458403441, '2138-04-01', 'Gagauz', 637875797447837);
insert into Caracteristicas (Tamao, CantidadPoblacion, CantidadAgua, FechaLlegada, Idioma, IdPlaneta) values (7191966694, 113046, 97724861747492, '2220-02-02', 'Gujarati', 173709414935849);
insert into Caracteristicas (Tamao, CantidadPoblacion, CantidadAgua, FechaLlegada, Idioma, IdPlaneta) values (1130437468, 78861164, 68060860727169, '2227-10-12', 'Tetum', 586252874287506);
insert into Caracteristicas (Tamao, CantidadPoblacion, CantidadAgua, FechaLlegada, Idioma, IdPlaneta) values (8192442333, 64607940, 6689493875459, '2218-12-28', 'Georgian', 680335894466150);
insert into Caracteristicas (Tamao, CantidadPoblacion, CantidadAgua, FechaLlegada, Idioma, IdPlaneta) values (3554882460, 32616555, 25240475611566, '2148-08-29', 'Croatian', 598947391661659);
insert into Caracteristicas (Tamao, CantidadPoblacion, CantidadAgua, FechaLlegada, Idioma, IdPlaneta) values (6163737626, 12264011, 90699483587934, '2228-06-28', 'Khmer', 870263671403619);
insert into Caracteristicas (Tamao, CantidadPoblacion, CantidadAgua, FechaLlegada, Idioma, IdPlaneta) values (6269315312, 75184416, 89696508771713, '2269-03-03', 'Moldovan', 584076474789282);
insert into Caracteristicas (Tamao, CantidadPoblacion, CantidadAgua, FechaLlegada, Idioma, IdPlaneta) values (660002957, 60978688, 56712608499577, '2217-04-28', 'Quechua', 445174696512682);
insert into Caracteristicas (Tamao, CantidadPoblacion, CantidadAgua, FechaLlegada, Idioma, IdPlaneta) values (7666679708, 97477814, 37848461621978, '2200-01-14', 'Spanish', 297111325809910);
insert into Caracteristicas (Tamao, CantidadPoblacion, CantidadAgua, FechaLlegada, Idioma, IdPlaneta) values (6179709943, 27315256, 94236197261004, '2076-02-14', 'Khmer', 963960058629155);
insert into Caracteristicas (Tamao, CantidadPoblacion, CantidadAgua, FechaLlegada, Idioma, IdPlaneta) values (711577793, 9822959, 72194894196763, '2088-08-13', 'French', 762263385900019);
insert into Caracteristicas (Tamao, CantidadPoblacion, CantidadAgua, FechaLlegada, Idioma, IdPlaneta) values (1224280451, 16997686, 72993057231353, '2093-09-17', 'Malayalam', 213263661882093);
insert into Caracteristicas (Tamao, CantidadPoblacion, CantidadAgua, FechaLlegada, Idioma, IdPlaneta) values (5317118235, 97393388, 74825016612834, '2026-03-20', 'Estonian', 861572655909092);
insert into Caracteristicas (Tamao, CantidadPoblacion, CantidadAgua, FechaLlegada, Idioma, IdPlaneta) values (8412727727, 59955469, 93345274590248, '2122-05-06', 'Hindi', 453706789415567);
insert into Caracteristicas (Tamao, CantidadPoblacion, CantidadAgua, FechaLlegada, Idioma, IdPlaneta) values (2114303987, 18038888, 75018801279369, '2230-11-08', 'Dhivehi', 447628014805016);
insert into Caracteristicas (Tamao, CantidadPoblacion, CantidadAgua, FechaLlegada, Idioma, IdPlaneta) values (7835089881, 27284959, 75963498141629, '2183-09-29', 'Somali', 154504781255369);
insert into Caracteristicas (Tamao, CantidadPoblacion, CantidadAgua, FechaLlegada, Idioma, IdPlaneta) values (6887752217, 65720063, 51587207674805, '2132-10-11', 'Dutch', 431192318131203);
insert into Caracteristicas (Tamao, CantidadPoblacion, CantidadAgua, FechaLlegada, Idioma, IdPlaneta) values (1721479832, 31030649, 46451822684958, '2143-03-13', 'Zulu', 686331418004817);
insert into Caracteristicas (Tamao, CantidadPoblacion, CantidadAgua, FechaLlegada, Idioma, IdPlaneta) values (8420005378, 20948519, 87310744729243, '2065-05-10', 'Gagauz', 636629974564621);
insert into Caracteristicas (Tamao, CantidadPoblacion, CantidadAgua, FechaLlegada, Idioma, IdPlaneta) values (4763660268, 3523172, 80526947772212, '2156-09-29', 'Bulgarian', 731803963460597);
insert into Caracteristicas (Tamao, CantidadPoblacion, CantidadAgua, FechaLlegada, Idioma, IdPlaneta) values (1121624159, 8592029, 78317987198152, '2131-10-30', 'Kazakh', 289339027224806);
insert into Caracteristicas (Tamao, CantidadPoblacion, CantidadAgua, FechaLlegada, Idioma, IdPlaneta) values (2267980815, 81292160, 82403338405209, '2213-02-28', 'Somali', 885196815401956);
insert into Caracteristicas (Tamao, CantidadPoblacion, CantidadAgua, FechaLlegada, Idioma, IdPlaneta) values (1582161913, 89146710, 73964793482637, '2230-07-07', 'Moldovan', 790444785310012);
insert into Caracteristicas (Tamao, CantidadPoblacion, CantidadAgua, FechaLlegada, Idioma, IdPlaneta) values (6950657201, 20845536, 58416619637619, '2280-08-18', 'Hungarian', 540108794035962);
insert into Caracteristicas (Tamao, CantidadPoblacion, CantidadAgua, FechaLlegada, Idioma, IdPlaneta) values (2691806471, 56515369, 24673860498933, '2170-06-16', 'Sotho', 969007720511584);
insert into Caracteristicas (Tamao, CantidadPoblacion, CantidadAgua, FechaLlegada, Idioma, IdPlaneta) values (5191180265, 79643357, 57791348408548, '2148-03-09', 'Tok Pisin', 894330448534013);
insert into Caracteristicas (Tamao, CantidadPoblacion, CantidadAgua, FechaLlegada, Idioma, IdPlaneta) values (3277154591, 7530376, 49418696171842, '2152-03-03', 'West Frisian', 421616455879590);
insert into Caracteristicas (Tamao, CantidadPoblacion, CantidadAgua, FechaLlegada, Idioma, IdPlaneta) values (6114773055, 49122600, 81578986146685, '2086-05-28', 'Thai', 643183948576520);
insert into Caracteristicas (Tamao, CantidadPoblacion, CantidadAgua, FechaLlegada, Idioma, IdPlaneta) values (5879789756, 65355178, 88746344004326, '2030-04-03', 'Oriya', 783362514748417);
insert into Caracteristicas (Tamao, CantidadPoblacion, CantidadAgua, FechaLlegada, Idioma, IdPlaneta) values (6193113422, 46181323, 24474724442922, '2282-03-13', 'Dutch', 927980797256169);
insert into Caracteristicas (Tamao, CantidadPoblacion, CantidadAgua, FechaLlegada, Idioma, IdPlaneta) values (8233781194, 64473301, 80932888250046, '2202-02-28', 'Guaran', 698748599027493);
insert into Caracteristicas (Tamao, CantidadPoblacion, CantidadAgua, FechaLlegada, Idioma, IdPlaneta) values (3071719117, 61583358, 15618871784989, '2212-05-29', 'Filipino', 664673392107985);
insert into Caracteristicas (Tamao, CantidadPoblacion, CantidadAgua, FechaLlegada, Idioma, IdPlaneta) values (4744677589, 57010514, 18928330508774, '2213-02-04', 'Persian', 390331240428329);
insert into Caracteristicas (Tamao, CantidadPoblacion, CantidadAgua, FechaLlegada, Idioma, IdPlaneta) values (6361133509, 75274964, 49759888519546, '2218-03-06', 'Kazakh', 334092009502123);
insert into Caracteristicas (Tamao, CantidadPoblacion, CantidadAgua, FechaLlegada, Idioma, IdPlaneta) values (6410937798, 44679693, 39678802559453, '2117-03-03', 'Lithuanian', 751767304181636);
insert into Caracteristicas (Tamao, CantidadPoblacion, CantidadAgua, FechaLlegada, Idioma, IdPlaneta) values (4685170040, 88227377, 79647447551504, '2110-10-20', 'French', 395485178411803);
insert into Caracteristicas (Tamao, CantidadPoblacion, CantidadAgua, FechaLlegada, Idioma, IdPlaneta) values (745942185, 87393769, 1275353359592, '2111-11-20', 'Indonesian', 581630237823852);
insert into Caracteristicas (Tamao, CantidadPoblacion, CantidadAgua, FechaLlegada, Idioma, IdPlaneta) values (2241192008, 62771670, 81853913353701, '2109-05-25', 'Chinese', 946635007986380);
insert into Caracteristicas (Tamao, CantidadPoblacion, CantidadAgua, FechaLlegada, Idioma, IdPlaneta) values (6502376157, 96540297, 71072886350703, '2293-02-22', 'Somali', 361850101713385);
insert into Caracteristicas (Tamao, CantidadPoblacion, CantidadAgua, FechaLlegada, Idioma, IdPlaneta) values (2540787706, 51320621, 17960342449001, '2147-03-27', 'Kannada', 966277966551724);
insert into Caracteristicas (Tamao, CantidadPoblacion, CantidadAgua, FechaLlegada, Idioma, IdPlaneta) values (3545574426, 86550340, 30603348657460, '2299-09-09', 'Yiddish', 868313822450410);
insert into Caracteristicas (Tamao, CantidadPoblacion, CantidadAgua, FechaLlegada, Idioma, IdPlaneta) values (1285675342, 51666148, 57031217723713, '2246-03-26', 'Haitian Creole', 896348225316863);
insert into Caracteristicas (Tamao, CantidadPoblacion, CantidadAgua, FechaLlegada, Idioma, IdPlaneta) values (7111047149, 79314206, 59423627439208, '2231-02-27', 'Georgian', 983244247247029);
insert into Caracteristicas (Tamao, CantidadPoblacion, CantidadAgua, FechaLlegada, Idioma, IdPlaneta) values (2028455612, 2835240, 18023802118161, '2232-01-26', 'Malagasy', 768452306221013);
insert into Caracteristicas (Tamao, CantidadPoblacion, CantidadAgua, FechaLlegada, Idioma, IdPlaneta) values (4118545957, 51756798, 20776448803607, '2241-05-28', 'Tok Pisin', 699376528536750);
insert into Caracteristicas (Tamao, CantidadPoblacion, CantidadAgua, FechaLlegada, Idioma, IdPlaneta) values (4137959180, 44070750, 53431935743657, '2283-03-22', 'Haitian Creole', 510090688892310);
insert into Caracteristicas (Tamao, CantidadPoblacion, CantidadAgua, FechaLlegada, Idioma, IdPlaneta) values (2589963956, 24985226, 35858865797093, '2131-04-27', 'Irish Gaelic', 649805006293402);
insert into Caracteristicas (Tamao, CantidadPoblacion, CantidadAgua, FechaLlegada, Idioma, IdPlaneta) values (3246449195, 43972203, 94795675824820, '2142-06-26', 'Italian', 640833572748327);
insert into Caracteristicas (Tamao, CantidadPoblacion, CantidadAgua, FechaLlegada, Idioma, IdPlaneta) values (2453800380, 90471769, 58714789312638, '2192-07-21', 'Malay', 780204711826316);
insert into Caracteristicas (Tamao, CantidadPoblacion, CantidadAgua, FechaLlegada, Idioma, IdPlaneta) values (6228049245, 37362766, 16212085108992, '2139-10-19', 'Mongolian', 773547734451239);
insert into Caracteristicas (Tamao, CantidadPoblacion, CantidadAgua, FechaLlegada, Idioma, IdPlaneta) values (3197050293, 98321948, 62496646374600, '2140-10-20', 'Kazakh', 501719133857549);
insert into Caracteristicas (Tamao, CantidadPoblacion, CantidadAgua, FechaLlegada, Idioma, IdPlaneta) values (5581215961, 94938219, 22394394768129, '2128-09-29', 'Quechua', 673605923362750);
insert into Caracteristicas (Tamao, CantidadPoblacion, CantidadAgua, FechaLlegada, Idioma, IdPlaneta) values (5363711159, 59775699, 23059880529804, '2137-10-30', 'Kashmiri', 230041035655795);
insert into Caracteristicas (Tamao, CantidadPoblacion, CantidadAgua, FechaLlegada, Idioma, IdPlaneta) values (849891352, 17434354, 711528716226, '2248-08-28', 'Tsonga', 821300132720263);
insert into Caracteristicas (Tamao, CantidadPoblacion, CantidadAgua, FechaLlegada, Idioma, IdPlaneta) values (4387553892, 13390148, 28909899285368, '2230-09-30', 'Tok Pisin', 503984037888003);
insert into Caracteristicas (Tamao, CantidadPoblacion, CantidadAgua, FechaLlegada, Idioma, IdPlaneta) values (4555096621, 43299204, 59329070215890, '2147-03-13', 'Kyrgyz', 253616035072550);
insert into Caracteristicas (Tamao, CantidadPoblacion, CantidadAgua, FechaLlegada, Idioma, IdPlaneta) values (3398890612, 93488074, 69314006988139, '2137-04-15', 'Burmese', 103726758634932);
insert into Caracteristicas (Tamao, CantidadPoblacion, CantidadAgua, FechaLlegada, Idioma, IdPlaneta) values (9945993532, 98483582, 39759938501255, '2138-06-30', 'Finnish', 365461385950645);
insert into Caracteristicas (Tamao, CantidadPoblacion, CantidadAgua, FechaLlegada, Idioma, IdPlaneta) values (385867844, 21572218, 7858664706584, '2033-07-30', 'Northern Sotho', 536520438695300);
insert into Caracteristicas (Tamao, CantidadPoblacion, CantidadAgua, FechaLlegada, Idioma, IdPlaneta) values (842232600, 24456275, 81978371995837, '2099-01-18', 'Tswana', 729029643561456);
insert into Caracteristicas (Tamao, CantidadPoblacion, CantidadAgua, FechaLlegada, Idioma, IdPlaneta) values (6534798896, 95574629, 80929235683834, '2092-03-10', 'Gujarati', 211079125599641);
insert into Caracteristicas (Tamao, CantidadPoblacion, CantidadAgua, FechaLlegada, Idioma, IdPlaneta) values (5671743820, 1321798, 50241027087485, '2089-05-12', 'Oriya', 332954609679382);
insert into Caracteristicas (Tamao, CantidadPoblacion, CantidadAgua, FechaLlegada, Idioma, IdPlaneta) values (8938504224, 7433050, 38812663233466, '2107-06-17', 'Bislama', 177387782580275);
insert into Caracteristicas (Tamao, CantidadPoblacion, CantidadAgua, FechaLlegada, Idioma, IdPlaneta) values (9645467385, 2029319, 27205430073831, '2113-02-21', 'Croatian', 503856967860205);
insert into Caracteristicas (Tamao, CantidadPoblacion, CantidadAgua, FechaLlegada, Idioma, IdPlaneta) values (1601686241, 38952632, 9251137997121, '2113-02-22', 'Macedonian', 750321609839451);
insert into Caracteristicas (Tamao, CantidadPoblacion, CantidadAgua, FechaLlegada, Idioma, IdPlaneta) values (4077855946, 95247141, 88933322989710, '2113-03-29', 'Indonesian', 461761046527655);
insert into Caracteristicas (Tamao, CantidadPoblacion, CantidadAgua, FechaLlegada, Idioma, IdPlaneta) values (6107779060, 58352217, 67095308337227, '2083-02-27', 'Bulgarian', 341455134470920);
insert into Caracteristicas (Tamao, CantidadPoblacion, CantidadAgua, FechaLlegada, Idioma, IdPlaneta) values (8001546837, 55205113, 76483427718097, '2084-10-13', 'Croatian', 140247734410888);
insert into Caracteristicas (Tamao, CantidadPoblacion, CantidadAgua, FechaLlegada, Idioma, IdPlaneta) values (3635723344, 8900246, 85556826314590, '2088-11-23', 'Dzongkha', 785223110675391);
insert into Caracteristicas (Tamao, CantidadPoblacion, CantidadAgua, FechaLlegada, Idioma, IdPlaneta) values (528394963, 94128855, 44575835736187, '2093-12-27', 'Somali', 251762234157865);
insert into Caracteristicas (Tamao, CantidadPoblacion, CantidadAgua, FechaLlegada, Idioma, IdPlaneta) values (4512735312, 482747, 38580911341609, '2110-03-28', 'Amharic', 479455807804473);
insert into Caracteristicas (Tamao, CantidadPoblacion, CantidadAgua, FechaLlegada, Idioma, IdPlaneta) values (6064929890, 67187320, 62822538224008, '2092-10-22', 'Moldovan', 709909026622581);
insert into Caracteristicas (Tamao, CantidadPoblacion, CantidadAgua, FechaLlegada, Idioma, IdPlaneta) values (3184031116, 59261598, 29651609714428, '2093-09-09', 'Chinese', 511975418216437);
insert into Caracteristicas (Tamao, CantidadPoblacion, CantidadAgua, FechaLlegada, Idioma, IdPlaneta) values (1130921315, 99038618, 74849541044481, '2092-10-29', 'Mori', 678196356265232);
insert into Caracteristicas (Tamao, CantidadPoblacion, CantidadAgua, FechaLlegada, Idioma, IdPlaneta) values (5526167886, 90823851, 62880745027038, '2086-06-28', 'French', 531170031254804);
insert into Caracteristicas (Tamao, CantidadPoblacion, CantidadAgua, FechaLlegada, Idioma, IdPlaneta) values (8752901483, 26529123, 13891175009085, '2138-04-14', 'Somali', 163887016455738);
insert into Caracteristicas (Tamao, CantidadPoblacion, CantidadAgua, FechaLlegada, Idioma, IdPlaneta) values (3239680674, 97333662, 48126448486401, '2137-03-10', 'Kashmiri', 116338685731271);
insert into Caracteristicas (Tamao, CantidadPoblacion, CantidadAgua, FechaLlegada, Idioma, IdPlaneta) values (9151060995, 97811638, 8938505412006, '2132-02-17', 'Korean', 427761541531180);
insert into Caracteristicas (Tamao, CantidadPoblacion, CantidadAgua, FechaLlegada, Idioma, IdPlaneta) values (6297818912, 93596081, 65583220950761, '2152-01-20', 'Burmese', 206914210775709);
insert into Caracteristicas (Tamao, CantidadPoblacion, CantidadAgua, FechaLlegada, Idioma, IdPlaneta) values (1852936475, 38846830, 41898459512756, '2239-06-26', 'Lithuanian', 750796171664553);
insert into Caracteristicas (Tamao, CantidadPoblacion, CantidadAgua, FechaLlegada, Idioma, IdPlaneta) values (9045987572, 20794509, 61250853901154, '2236-08-18', 'Kazakh', 654128366052115);
insert into Caracteristicas (Tamao, CantidadPoblacion, CantidadAgua, FechaLlegada, Idioma, IdPlaneta) values (2432510523, 36751677, 1715568284664, '2237-03-19', 'Irish Gaelic', 261768273770418);
insert into Caracteristicas (Tamao, CantidadPoblacion, CantidadAgua, FechaLlegada, Idioma, IdPlaneta) values (1260037483, 62067116, 81381260868913, '2138-02-27', 'Kannada', 477574887961882);
insert into Caracteristicas (Tamao, CantidadPoblacion, CantidadAgua, FechaLlegada, Idioma, IdPlaneta) values (1099283800, 54897633, 49770649729803, '2143-05-25', 'Danish', 492194776613231);
insert into Caracteristicas (Tamao, CantidadPoblacion, CantidadAgua, FechaLlegada, Idioma, IdPlaneta) values (1723665480, 63443237, 15022805134572, '2177-03-23', 'Bengali', 466242825526681);
insert into Caracteristicas (Tamao, CantidadPoblacion, CantidadAgua, FechaLlegada, Idioma, IdPlaneta) values (5345264254, 22609775, 55351952083751, '2183-11-11', 'French', 656393341757017);
insert into Caracteristicas (Tamao, CantidadPoblacion, CantidadAgua, FechaLlegada, Idioma, IdPlaneta) values (4089153872, 39541408, 86356199320916, '2111-03-18', 'Icelandic', 551195295399379);
insert into Caracteristicas (Tamao, CantidadPoblacion, CantidadAgua, FechaLlegada, Idioma, IdPlaneta) values (8117588527, 93709240, 77746796013998, '2112-02-22', 'Bulgarian', 697796996531023);
insert into Caracteristicas (Tamao, CantidadPoblacion, CantidadAgua, FechaLlegada, Idioma, IdPlaneta) values (3392924239, 39146139, 91966302526730, '2113-05-26', 'Ndebele', 318389302295066);
insert into Caracteristicas (Tamao, CantidadPoblacion, CantidadAgua, FechaLlegada, Idioma, IdPlaneta) values (4400364245, 90109573, 39857622837359, '2138-06-30', 'Danish', 560163818497355);
insert into Caracteristicas (Tamao, CantidadPoblacion, CantidadAgua, FechaLlegada, Idioma, IdPlaneta) values (3288127227, 42937908, 77219659369009, '2153-03-13', 'Spanish', 606110033815306);
insert into Caracteristicas (Tamao, CantidadPoblacion, CantidadAgua, FechaLlegada, Idioma, IdPlaneta) values (475433821, 18552080, 75898434117834, '2252-03-02', 'Bulgarian', 866213788727373);
insert into Caracteristicas (Tamao, CantidadPoblacion, CantidadAgua, FechaLlegada, Idioma, IdPlaneta) values (3883226525, 3573107, 80797708766826, '2222-12-22', 'Bislama', 733268188901113);
insert into Caracteristicas (Tamao, CantidadPoblacion, CantidadAgua, FechaLlegada, Idioma, IdPlaneta) values (4671602179, 53785593, 3444557203883, '2220-10-13', 'Tswana', 118755470088576);
insert into Caracteristicas (Tamao, CantidadPoblacion, CantidadAgua, FechaLlegada, Idioma, IdPlaneta) values (5533897748, 75010136, 94063808604157, '2217-09-26', 'Malayalam', 665287895084577);
insert into Caracteristicas (Tamao, CantidadPoblacion, CantidadAgua, FechaLlegada, Idioma, IdPlaneta) values (796230892, 13581395, 16391910038301, '2183-06-16', 'Gagauz', 352180317938868);
insert into Caracteristicas (Tamao, CantidadPoblacion, CantidadAgua, FechaLlegada, Idioma, IdPlaneta) values (8689168674, 62424054, 69353322481907, '2210-03-23', 'Papiamento', 444146304280479);
insert into Caracteristicas (Tamao, CantidadPoblacion, CantidadAgua, FechaLlegada, Idioma, IdPlaneta) values (90201518, 99643892, 3400865990755, '2153-04-23', 'Irish Gaelic', 157333652457522);
insert into Caracteristicas (Tamao, CantidadPoblacion, CantidadAgua, FechaLlegada, Idioma, IdPlaneta) values (5311736590, 87189006, 96732619930247, '2137-07-14', 'Montenegrin', 807820001762800);
insert into Caracteristicas (Tamao, CantidadPoblacion, CantidadAgua, FechaLlegada, Idioma, IdPlaneta) values (7692582607, 33785138, 49892534741100, '2237-07-22', 'Afrikaans', 484080312352195);
insert into Caracteristicas (Tamao, CantidadPoblacion, CantidadAgua, FechaLlegada, Idioma, IdPlaneta) values (6795362466, 22383681, 21854524642014, '2282-03-27', 'Afrikaans', 468228663535415);
insert into Caracteristicas (Tamao, CantidadPoblacion, CantidadAgua, FechaLlegada, Idioma, IdPlaneta) values (8749479574, 49387799, 95329896189324, '2287-07-17', 'Polish', 522684881897307);
insert into Caracteristicas (Tamao, CantidadPoblacion, CantidadAgua, FechaLlegada, Idioma, IdPlaneta) values (7977580347, 57301814, 42765224858071, '2219-08-19', 'Korean', 364970162009883);
insert into Caracteristicas (Tamao, CantidadPoblacion, CantidadAgua, FechaLlegada, Idioma, IdPlaneta) values (6470953580, 62755011, 39812573980957, '2210-07-07', 'Indonesian', 276115217153330);
insert into Caracteristicas (Tamao, CantidadPoblacion, CantidadAgua, FechaLlegada, Idioma, IdPlaneta) values (2463928338, 36446353, 53241940621036, '2107-03-23', 'Burmese', 820184722336912);
insert into Caracteristicas (Tamao, CantidadPoblacion, CantidadAgua, FechaLlegada, Idioma, IdPlaneta) values (9621723801, 7438079, 44253670432, '2053-07-27', 'Danish', 819445029325708);
insert into Caracteristicas (Tamao, CantidadPoblacion, CantidadAgua, FechaLlegada, Idioma, IdPlaneta) values (3350640797, 49802011, 11655704424906, '2137-09-29', 'Kashmiri', 151771605242265);
insert into Caracteristicas (Tamao, CantidadPoblacion, CantidadAgua, FechaLlegada, Idioma, IdPlaneta) values (9291822184, 79057724, 72689505895265, '2183-06-28', 'Montenegrin', 221100430275414);
insert into Caracteristicas (Tamao, CantidadPoblacion, CantidadAgua, FechaLlegada, Idioma, IdPlaneta) values (5153755535, 52911599, 20724635667633, '2199-09-29', 'Thai', 305848484031319);
insert into Caracteristicas (Tamao, CantidadPoblacion, CantidadAgua, FechaLlegada, Idioma, IdPlaneta) values (3580037547, 45054944, 7306898009539, '2192-02-12', 'Swahili', 329456293863637);
insert into Caracteristicas (Tamao, CantidadPoblacion, CantidadAgua, FechaLlegada, Idioma, IdPlaneta) values (8536805304, 12685735, 27154176359711, '2097-03-13', 'German', 815117380710177);
insert into Caracteristicas (Tamao, CantidadPoblacion, CantidadAgua, FechaLlegada, Idioma, IdPlaneta) values (5286615436, 54359564, 15395323393574, '2030-03-30', 'Kashmiri', 824273262573558);
insert into Caracteristicas (Tamao, CantidadPoblacion, CantidadAgua, FechaLlegada, Idioma, IdPlaneta) values (6029483791, 61111443, 43523492044391, '2033-04-14', 'Fijian', 487964003920766);
insert into Caracteristicas (Tamao, CantidadPoblacion, CantidadAgua, FechaLlegada, Idioma, IdPlaneta) values (1649602124, 70231655, 69132364845975, '2133-02-14', 'Czech', 907691672031717);
insert into Caracteristicas (Tamao, CantidadPoblacion, CantidadAgua, FechaLlegada, Idioma, IdPlaneta) values (8771508615, 94287234, 3395617665179, '2114-05-27', 'Lithuanian', 814889777841107);
insert into Caracteristicas (Tamao, CantidadPoblacion, CantidadAgua, FechaLlegada, Idioma, IdPlaneta) values (9220210550, 48880890, 84713102933553, '2117-07-12', 'Catalan', 575292073692182);
insert into Caracteristicas (Tamao, CantidadPoblacion, CantidadAgua, FechaLlegada, Idioma, IdPlaneta) values (3603386219, 33356797, 27343468873993, '2118-08-08', 'Lao', 702977738452184);
insert into Caracteristicas (Tamao, CantidadPoblacion, CantidadAgua, FechaLlegada, Idioma, IdPlaneta) values (5163712301, 13646266, 66347510051532, '2120-03-29', 'English', 552463892457776);
insert into Caracteristicas (Tamao, CantidadPoblacion, CantidadAgua, FechaLlegada, Idioma, IdPlaneta) values (4259106523, 36589048, 42837455375364, '2222-04-17', 'Bengali', 466808133871705);
insert into Caracteristicas (Tamao, CantidadPoblacion, CantidadAgua, FechaLlegada, Idioma, IdPlaneta) values (656257409, 31709811, 2296108231681, '2213-03-04', 'Moldovan', 843801024734904);
insert into Caracteristicas (Tamao, CantidadPoblacion, CantidadAgua, FechaLlegada, Idioma, IdPlaneta) values (5915095222, 36764562, 99852495593637, '2228-10-24', 'Tok Pisin', 759263263023511);
insert into Caracteristicas (Tamao, CantidadPoblacion, CantidadAgua, FechaLlegada, Idioma, IdPlaneta) values (938460953, 25595882, 75349509329771, '2267-07-17', 'Bengali', 350150590720445);
insert into Caracteristicas (Tamao, CantidadPoblacion, CantidadAgua, FechaLlegada, Idioma, IdPlaneta) values (5837586239, 66250444, 20326057695156, '2214-06-26', 'Nepali', 897741501841799);
insert into Caracteristicas (Tamao, CantidadPoblacion, CantidadAgua, FechaLlegada, Idioma, IdPlaneta) values (9572410359, 67145335, 33378812976297, '2116-07-16', 'Papiamento', 903465607368211);
insert into Caracteristicas (Tamao, CantidadPoblacion, CantidadAgua, FechaLlegada, Idioma, IdPlaneta) values (3698788025, 91487689, 92718760192789, '2076-09-17', 'Italian', 857712656065452);
insert into Caracteristicas (Tamao, CantidadPoblacion, CantidadAgua, FechaLlegada, Idioma, IdPlaneta) values (2511447549, 20177016, 15692644906444, '2077-10-18', 'Tsonga', 235897872901589);
insert into Caracteristicas (Tamao, CantidadPoblacion, CantidadAgua, FechaLlegada, Idioma, IdPlaneta) values (177163030, 13861725, 86889112903899, '2088-04-14', 'Belarusian', 263201709295003);
insert into Caracteristicas (Tamao, CantidadPoblacion, CantidadAgua, FechaLlegada, Idioma, IdPlaneta) values (4827514816, 46000262, 55427482418684, '2037-07-27', 'Hungarian', 589151255002785);
insert into Caracteristicas (Tamao, CantidadPoblacion, CantidadAgua, FechaLlegada, Idioma, IdPlaneta) values (188393395, 56918746, 59589343301176, '2111-01-11', 'Aymara', 337833048409375);
insert into Caracteristicas (Tamao, CantidadPoblacion, CantidadAgua, FechaLlegada, Idioma, IdPlaneta) values (1656929212, 46469573, 6851987320705, '2117-03-23', 'Kazakh', 194751066914096);
insert into Caracteristicas (Tamao, CantidadPoblacion, CantidadAgua, FechaLlegada, Idioma, IdPlaneta) values (8496548969, 64106816, 26791388922046, '2217-02-22', 'Kashmiri', 311802088021630);
insert into Caracteristicas (Tamao, CantidadPoblacion, CantidadAgua, FechaLlegada, Idioma, IdPlaneta) values (3234823399, 46287153, 2100547914106, '2213-01-13', 'Thai', 271116832596914);
insert into Caracteristicas (Tamao, CantidadPoblacion, CantidadAgua, FechaLlegada, Idioma, IdPlaneta) values (4196044078, 47258341, 58179396021794, '2223-03-28', 'Moldovan', 581872011147345);
insert into Caracteristicas (Tamao, CantidadPoblacion, CantidadAgua, FechaLlegada, Idioma, IdPlaneta) values (5709955389, 66781144, 59710051663814, '2213-07-27', 'Mori', 945493512728477);
insert into Caracteristicas (Tamao, CantidadPoblacion, CantidadAgua, FechaLlegada, Idioma, IdPlaneta) values (2273206263, 81146701, 80988681715798, '2231-01-24', 'Dzongkha', 580282460951581);
insert into Caracteristicas (Tamao, CantidadPoblacion, CantidadAgua, FechaLlegada, Idioma, IdPlaneta) values (5691244085, 92287154, 73853422273128, '2210-10-28', 'Romanian', 383688689075140);
insert into Caracteristicas (Tamao, CantidadPoblacion, CantidadAgua, FechaLlegada, Idioma, IdPlaneta) values (990070271, 41516176, 77131824392887, '2242-12-22', 'Bulgarian', 861596679216097);
insert into Caracteristicas (Tamao, CantidadPoblacion, CantidadAgua, FechaLlegada, Idioma, IdPlaneta) values (1013362041, 21596462, 858697934320, '2099-12-01', 'Gujarati', 484874778773574);
insert into Caracteristicas (Tamao, CantidadPoblacion, CantidadAgua, FechaLlegada, Idioma, IdPlaneta) values (2058082395, 67559485, 28008593809178, '2200-12-27', 'Thai', 342140945473401);
insert into Caracteristicas (Tamao, CantidadPoblacion, CantidadAgua, FechaLlegada, Idioma, IdPlaneta) values (8163227606, 79484122, 88656239387123, '2299-03-18', 'Oriya', 621866358479219);
insert into Caracteristicas (Tamao, CantidadPoblacion, CantidadAgua, FechaLlegada, Idioma, IdPlaneta) values (927212747, 32142421, 9203721826735, '2199-02-19', 'Fijian', 206652208901587);
insert into Caracteristicas (Tamao, CantidadPoblacion, CantidadAgua, FechaLlegada, Idioma, IdPlaneta) values (4252904305, 81710803, 42506157846106, '2111-07-20', 'New Zealand Sign Language', 308292117966998);
insert into Caracteristicas (Tamao, CantidadPoblacion, CantidadAgua, FechaLlegada, Idioma, IdPlaneta) values (9680464732, 59298176, 88126109944765, '2132-06-26', 'Filipino', 126850405609495);
insert into Caracteristicas (Tamao, CantidadPoblacion, CantidadAgua, FechaLlegada, Idioma, IdPlaneta) values (4120057382, 84896202, 79962690823852, '2138-03-28', 'Yiddish', 326293398901596);
insert into Caracteristicas (Tamao, CantidadPoblacion, CantidadAgua, FechaLlegada, Idioma, IdPlaneta) values (9072264799, 64139274, 31330997043534, '2109-02-28', 'Romanian', 320615947889341);
insert into Caracteristicas (Tamao, CantidadPoblacion, CantidadAgua, FechaLlegada, Idioma, IdPlaneta) values (5587465905, 78361344, 50248473847514, '2193-04-30', 'Dhivehi', 839878435097276);
insert into Caracteristicas (Tamao, CantidadPoblacion, CantidadAgua, FechaLlegada, Idioma, IdPlaneta) values (8248059634, 32317848, 77561649955728, '2102-03-23', 'Ndebele', 261141864749104);
insert into Caracteristicas (Tamao, CantidadPoblacion, CantidadAgua, FechaLlegada, Idioma, IdPlaneta) values (9737114155, 40813762, 83956405086115, '2110-10-12', 'Macedonian', 297193164140440);
insert into Caracteristicas (Tamao, CantidadPoblacion, CantidadAgua, FechaLlegada, Idioma, IdPlaneta) values (7029849273, 76682131, 78738299843700, '2113-03-12', 'Persian', 287794090087656);
insert into Caracteristicas (Tamao, CantidadPoblacion, CantidadAgua, FechaLlegada, Idioma, IdPlaneta) values (8661986157, 82737499, 71154081094576, '2222-01-06', 'Somali', 657445861254835);
insert into Caracteristicas (Tamao, CantidadPoblacion, CantidadAgua, FechaLlegada, Idioma, IdPlaneta) values (1852470534, 58403125, 86938011616234, '2223-03-06', 'Romanian', 239860121166019);
insert into Caracteristicas (Tamao, CantidadPoblacion, CantidadAgua, FechaLlegada, Idioma, IdPlaneta) values (542221010, 41587248, 65235046913029, '2224-11-04', 'Marathi', 715220547290739);
insert into Caracteristicas (Tamao, CantidadPoblacion, CantidadAgua, FechaLlegada, Idioma, IdPlaneta) values (4221435421, 17751754, 49402127882060, '2225-12-25', 'Montenegrin', 133188273654181);
insert into Caracteristicas (Tamao, CantidadPoblacion, CantidadAgua, FechaLlegada, Idioma, IdPlaneta) values (5083539700, 53846937, 98074785118495, '2220-05-25', 'Korean', 478604384141802);
insert into Caracteristicas (Tamao, CantidadPoblacion, CantidadAgua, FechaLlegada, Idioma, IdPlaneta) values (8459252123, 62730184, 56044187651321, '2223-06-27', 'Tajik', 712820781222487);
insert into Caracteristicas (Tamao, CantidadPoblacion, CantidadAgua, FechaLlegada, Idioma, IdPlaneta) values (6904550849, 33678018, 43929863683862, '2082-03-21', 'New Zealand Sign Language', 316338653320677);


insert into Director (Nombre, IdDirector, Edad, IdEstacion) values ('Tobey Garred', 972362637, 36, 335523893038);
insert into Director (Nombre, IdDirector, Edad, IdEstacion) values ('Carlyle Heinrici', 363217149, 82, 299822654261);
insert into Director (Nombre, IdDirector, Edad, IdEstacion) values ('Fina Crookes', 303149658, 54, 851949391471);
insert into Director (Nombre, IdDirector, Edad, IdEstacion) values ('See Stenbridge', 573410144, 32, 269892593358);
insert into Director (Nombre, IdDirector, Edad, IdEstacion) values ('Teodoor Luciano', 835037177, 65, 254332486919);
insert into Director (Nombre, IdDirector, Edad, IdEstacion) values ('Sayer Dunstan', 583842122, 83, 705043095706);
insert into Director (Nombre, IdDirector, Edad, IdEstacion) values ('Tiler Bonellie', 367764255, 92, 531084793478);
insert into Director (Nombre, IdDirector, Edad, IdEstacion) values ('Arielle Jessup', 671755008, 40, 876316340896);
insert into Director (Nombre, IdDirector, Edad, IdEstacion) values ('Yolande Derrington', 267138431, 59, 128095653083);
insert into Director (Nombre, IdDirector, Edad, IdEstacion) values ('Odell Goodhew', 321561731, 40, 732359995551);
insert into Director (Nombre, IdDirector, Edad, IdEstacion) values ('Twila Rocca', 518555456, 59, 984255727316);
insert into Director (Nombre, IdDirector, Edad, IdEstacion) values ('Cristina Ames', 792484980, 59, 971474714351);
insert into Director (Nombre, IdDirector, Edad, IdEstacion) values ('Herschel Thurlborn', 886836133, 88, 498242995656);
insert into Director (Nombre, IdDirector, Edad, IdEstacion) values ('Rudolph Waldren', 798842171, 31, 380650604423);
insert into Director (Nombre, IdDirector, Edad, IdEstacion) values ('Goldina Blunderfield', 892912894, 91, 093471201344);
insert into Director (Nombre, IdDirector, Edad, IdEstacion) values ('Quintus Scally', 799035500, 76, 299322080254);
insert into Director (Nombre, IdDirector, Edad, IdEstacion) values ('Cece Weaver', 980173354, 25, 240616381238);
insert into Director (Nombre, IdDirector, Edad, IdEstacion) values ('Sidonia Scocroft', 216615310, 71, 382114536660);
insert into Director (Nombre, IdDirector, Edad, IdEstacion) values ('Lionello Caveill', 318362648, 62, 852850655656);
insert into Director (Nombre, IdDirector, Edad, IdEstacion) values ('Tierney Hanway', 175577999, 41, 582532090166);
insert into Director (Nombre, IdDirector, Edad, IdEstacion) values ('Dory Lezemore', 365548725, 33, 083680234076);
insert into Director (Nombre, IdDirector, Edad, IdEstacion) values ('Iver Handaside', 718437464, 20, 497894733100);
insert into Director (Nombre, IdDirector, Edad, IdEstacion) values ('Harmonie Barends', 416446429, 47, 143102318560);
insert into Director (Nombre, IdDirector, Edad, IdEstacion) values ('Stephine Robinette', 437714072, 96, 653230881317);
insert into Director (Nombre, IdDirector, Edad, IdEstacion) values ('Timmie Billiard', 807612342, 73, 831149643624);
insert into Director (Nombre, IdDirector, Edad, IdEstacion) values ('Maude Shearme', 850434163, 84, 083383445692);
insert into Director (Nombre, IdDirector, Edad, IdEstacion) values ('Elfreda Gossan', 845539415, 60, 862493391919);
insert into Director (Nombre, IdDirector, Edad, IdEstacion) values ('Jessika Sponton', 626795543, 42, 612758466367);
insert into Director (Nombre, IdDirector, Edad, IdEstacion) values ('Hatty Giacubo', 929168002, 54, 919115004299);
insert into Director (Nombre, IdDirector, Edad, IdEstacion) values ('Eadith Dowdeswell', 544533613, 87, 940335884309);
insert into Director (Nombre, IdDirector, Edad, IdEstacion) values ('Haskell Moffett', 884180285, 26, 820019267741);
insert into Director (Nombre, IdDirector, Edad, IdEstacion) values ('Tami Banger', 943117404, 70, 186342523546);
insert into Director (Nombre, IdDirector, Edad, IdEstacion) values ('Carny Sharpling', 355880493, 71, 416451578257);
insert into Director (Nombre, IdDirector, Edad, IdEstacion) values ('Jody Crosson', 748766895, 36, 836012279273);
insert into Director (Nombre, IdDirector, Edad, IdEstacion) values ('Madelene Bebbington', 671990373, 33, 729927548938);
insert into Director (Nombre, IdDirector, Edad, IdEstacion) values ('Hally Elderfield', 914265603, 43, 021438510910);
insert into Director (Nombre, IdDirector, Edad, IdEstacion) values ('Skipp Franz-Schoninger', 839943115, 21, 466721925194);
insert into Director (Nombre, IdDirector, Edad, IdEstacion) values ('Brendan Engelmann', 975208132, 27, 275015243879);
insert into Director (Nombre, IdDirector, Edad, IdEstacion) values ('Ashby Maggorini', 499763599, 46, 655651876528);
insert into Director (Nombre, IdDirector, Edad, IdEstacion) values ('Ciel Steptowe', 155958773, 58, 204872262635);
insert into Director (Nombre, IdDirector, Edad, IdEstacion) values ('Cherice Banbrigge', 828562951, 66, 193676612903);
insert into Director (Nombre, IdDirector, Edad, IdEstacion) values ('Luciana Smalley', 853252442, 27, 134926224927);
insert into Director (Nombre, IdDirector, Edad, IdEstacion) values ('Rosanna Verecker', 326931690, 97, 739635758783);
insert into Director (Nombre, IdDirector, Edad, IdEstacion) values ('Kellie Tuite', 260617537, 68, 962504753722);
insert into Director (Nombre, IdDirector, Edad, IdEstacion) values ('Pail Paffley', 361349898, 36, 335233977345);
insert into Director (Nombre, IdDirector, Edad, IdEstacion) values ('Coraline Yearsley', 566995812, 66, 805915404299);
insert into Director (Nombre, IdDirector, Edad, IdEstacion) values ('Nathanael Fullman', 704604944, 53, 067404970434);
insert into Director (Nombre, IdDirector, Edad, IdEstacion) values ('Hollie MacKissack', 773237467, 100, 890244475691);
insert into Director (Nombre, IdDirector, Edad, IdEstacion) values ('Annamaria Tofpik', 176419245, 63, 647008514735);
insert into Director (Nombre, IdDirector, Edad, IdEstacion) values ('Susan Gilders', 384249088, 87, 217666314908);
insert into Director (Nombre, IdDirector, Edad, IdEstacion) values ('Delainey Stainburn', 511355109, 92, 303135004887);
insert into Director (Nombre, IdDirector, Edad, IdEstacion) values ('Cassandre Sanford', 701611742, 51, 645064991547);
insert into Director (Nombre, IdDirector, Edad, IdEstacion) values ('Jesse Lowseley', 588979438, 39, 866721185361);
insert into Director (Nombre, IdDirector, Edad, IdEstacion) values ('Karna Schaffel', 827934332, 60, 425820135378);
insert into Director (Nombre, IdDirector, Edad, IdEstacion) values ('Hildagard Rummer', 381628798, 40, 340648487224);
insert into Director (Nombre, IdDirector, Edad, IdEstacion) values ('Aggi Tarply', 967139819, 81, 938984619306);
insert into Director (Nombre, IdDirector, Edad, IdEstacion) values ('Colver Fedorchenko', 872069715, 22, 073647462980);
insert into Director (Nombre, IdDirector, Edad, IdEstacion) values ('Doloritas Bellay', 148515058, 93, 048731824257);
insert into Director (Nombre, IdDirector, Edad, IdEstacion) values ('Abbot Flaune', 851100361, 96, 709203170498);
insert into Director (Nombre, IdDirector, Edad, IdEstacion) values ('Dud Brimblecomb', 555347557, 55, 995725870873);
insert into Director (Nombre, IdDirector, Edad, IdEstacion) values ('Ericka Bodechon', 544398629, 79, 747619597031);
insert into Director (Nombre, IdDirector, Edad, IdEstacion) values ('Codie Marking', 298048586, 20, 656642171771);
insert into Director (Nombre, IdDirector, Edad, IdEstacion) values ('Sybilla Lisamore', 717648792, 20, 101535233359);
insert into Director (Nombre, IdDirector, Edad, IdEstacion) values ('Emmalee Wintle', 316033600, 95, 276787295588);
insert into Director (Nombre, IdDirector, Edad, IdEstacion) values ('Gasper Rowan', 502399462, 37, 381775534032);
insert into Director (Nombre, IdDirector, Edad, IdEstacion) values ('Francisca Clubbe', 382652195, 23, 893451771049);
insert into Director (Nombre, IdDirector, Edad, IdEstacion) values ('Ward Sweetsur', 192789002, 37, 991043866410);
insert into Director (Nombre, IdDirector, Edad, IdEstacion) values ('Klarrisa Dankersley', 371066747, 67, 725556947067);
insert into Director (Nombre, IdDirector, Edad, IdEstacion) values ('Audi Melross', 109365123, 23, 251804910982);
insert into Director (Nombre, IdDirector, Edad, IdEstacion) values ('Evanne Pickworth', 599391496, 50, 087055376345);
insert into Director (Nombre, IdDirector, Edad, IdEstacion) values ('Chrystal Wingrove', 185294560, 98, 427752230372);
insert into Director (Nombre, IdDirector, Edad, IdEstacion) values ('Rolfe Barensky', 835043635, 26, 383669884206);
insert into Director (Nombre, IdDirector, Edad, IdEstacion) values ('Renie Aulsford', 325608087, 25, 449709303747);
insert into Director (Nombre, IdDirector, Edad, IdEstacion) values ('Haily Dewhirst', 549991139, 38, 602830775281);
insert into Director (Nombre, IdDirector, Edad, IdEstacion) values ('Vick Turner', 125996604, 84, 720998485363);
insert into Director (Nombre, IdDirector, Edad, IdEstacion) values ('Kelsy Gripton', 978468014, 45, 894799712012);
insert into Director (Nombre, IdDirector, Edad, IdEstacion) values ('Constantine Narraway', 122721816, 68, 935750881890);
insert into Director (Nombre, IdDirector, Edad, IdEstacion) values ('Hagen Lunny', 999625498, 88, 817481662963);
insert into Director (Nombre, IdDirector, Edad, IdEstacion) values ('Lauri Josowitz', 128179616, 81, 326129208595);
insert into Director (Nombre, IdDirector, Edad, IdEstacion) values ('Cacilie McKeran', 378766024, 38, 583088567914);
insert into Director (Nombre, IdDirector, Edad, IdEstacion) values ('Guthrey Wynrahame', 299501589, 87, 124940249147);
insert into Director (Nombre, IdDirector, Edad, IdEstacion) values ('Fulvia Stoodale', 366609718, 25, 349667931743);
insert into Director (Nombre, IdDirector, Edad, IdEstacion) values ('Curt Caps', 107614001, 99, 207957786786);
insert into Director (Nombre, IdDirector, Edad, IdEstacion) values ('Sonni Gwinn', 653213464, 36, 438658390906);
insert into Director (Nombre, IdDirector, Edad, IdEstacion) values ('Cristobal Heggadon', 129407372, 76, 570466376568);
insert into Director (Nombre, IdDirector, Edad, IdEstacion) values ('Hillery Proppers', 118037697, 34, 532864253047);
insert into Director (Nombre, IdDirector, Edad, IdEstacion) values ('Beale Kobel', 483134299, 89, 904905206315);
insert into Director (Nombre, IdDirector, Edad, IdEstacion) values ('Kirstin Robion', 205985082, 45, 066856858701);
insert into Director (Nombre, IdDirector, Edad, IdEstacion) values ('Chantal Cholonin', 429861824, 46, 173315167715);
insert into Director (Nombre, IdDirector, Edad, IdEstacion) values ('Avivah Cockerham', 702887075, 79, 853796071825);
insert into Director (Nombre, IdDirector, Edad, IdEstacion) values ('Reuven Edmeads', 585769886, 55, 963650518930);
insert into Director (Nombre, IdDirector, Edad, IdEstacion) values ('Opal St. Quentin', 486528593, 42, 154955626942);
insert into Director (Nombre, IdDirector, Edad, IdEstacion) values ('Pearle Magauran', 461878089, 70, 260349417256);
insert into Director (Nombre, IdDirector, Edad, IdEstacion) values ('Charlot Malec', 748127678, 24, 461264159032);
insert into Director (Nombre, IdDirector, Edad, IdEstacion) values ('Tye Ciani', 630544557, 75, 869690258975);
insert into Director (Nombre, IdDirector, Edad, IdEstacion) values ('Danit Worpole', 652050768, 32, 945766947130);
insert into Director (Nombre, IdDirector, Edad, IdEstacion) values ('Pail Worswick', 279897042, 81, 483625661099);
insert into Director (Nombre, IdDirector, Edad, IdEstacion) values ('Susana Wassell', 471326189, 99, 345198097772);
insert into Director (Nombre, IdDirector, Edad, IdEstacion) values ('Worthington Foxwell', 614502694, 50, 180691176692);
insert into Director (Nombre, IdDirector, Edad, IdEstacion) values ('Christy Crosoer', 796668348, 64, 327316416518);
insert into Director (Nombre, IdDirector, Edad, IdEstacion) values ('Caty Cumine', 106020190, 70, 387479365209);
insert into Director (Nombre, IdDirector, Edad, IdEstacion) values ('Noel Dudill', 450958340, 55, 547919673004);
insert into Director (Nombre, IdDirector, Edad, IdEstacion) values ('Millard Ascrofte', 520256767, 100, 488254381124);
insert into Director (Nombre, IdDirector, Edad, IdEstacion) values ('Tori Waldock', 370496849, 61, 729499255755);
insert into Director (Nombre, IdDirector, Edad, IdEstacion) values ('Alis Lukianov', 753893267, 24, 919199881669);
insert into Director (Nombre, IdDirector, Edad, IdEstacion) values ('Carline Hazeldean', 692608108, 93, 634066042412);
insert into Director (Nombre, IdDirector, Edad, IdEstacion) values ('Elmo Hupe', 614960691, 86, 561177991577);
insert into Director (Nombre, IdDirector, Edad, IdEstacion) values ('Thain Squirrell', 957616992, 42, 243038730217);
insert into Director (Nombre, IdDirector, Edad, IdEstacion) values ('Sauncho Ferreli', 189839457, 85, 362268115119);
insert into Director (Nombre, IdDirector, Edad, IdEstacion) values ('Morris Dicker', 369299673, 25, 332666543217);
insert into Director (Nombre, IdDirector, Edad, IdEstacion) values ('Rollins Ruller', 994477919, 98, 422709661463);
insert into Director (Nombre, IdDirector, Edad, IdEstacion) values ('Lynelle Muller', 237255140, 37, 284098415394);
insert into Director (Nombre, IdDirector, Edad, IdEstacion) values ('Pat Fassan', 597686484, 32, 585429591858);
insert into Director (Nombre, IdDirector, Edad, IdEstacion) values ('Sula Tixall', 415651687, 37, 721332091670);
insert into Director (Nombre, IdDirector, Edad, IdEstacion) values ('Daffie Ludmann', 576861736, 30, 678555901610);
insert into Director (Nombre, IdDirector, Edad, IdEstacion) values ('Lewie Burchfield', 969496558, 100, 591067262378);
insert into Director (Nombre, IdDirector, Edad, IdEstacion) values ('Koressa Arnli', 733528935, 96, 717306188225);
insert into Director (Nombre, IdDirector, Edad, IdEstacion) values ('Jacquelyn Sprake', 672505347, 46, 284541956480);
insert into Director (Nombre, IdDirector, Edad, IdEstacion) values ('Reinaldos Beacroft', 131672081, 82, 056893096176);
insert into Director (Nombre, IdDirector, Edad, IdEstacion) values ('Nickolaus Britton', 627450791, 85, 436535487036);
insert into Director (Nombre, IdDirector, Edad, IdEstacion) values ('Vanna Bellerby', 783145739, 68, 103593225554);
insert into Director (Nombre, IdDirector, Edad, IdEstacion) values ('Deeyn Ashenhurst', 979118170, 24, 940089149568);
insert into Director (Nombre, IdDirector, Edad, IdEstacion) values ('Patti Moon', 840118732, 74, 132617229305);
insert into Director (Nombre, IdDirector, Edad, IdEstacion) values ('Loy Dearlove', 963254441, 55, 561872899564);
insert into Director (Nombre, IdDirector, Edad, IdEstacion) values ('Enos BoHlingolsen', 585593048, 56, 724589073729);
insert into Director (Nombre, IdDirector, Edad, IdEstacion) values ('Filberte Ticic', 343287036, 88, 108265268849);
insert into Director (Nombre, IdDirector, Edad, IdEstacion) values ('Karita Widdup', 280730354, 50, 567124695459);
insert into Director (Nombre, IdDirector, Edad, IdEstacion) values ('Jorrie Kleinplac', 124116372, 48, 945424317580);
insert into Director (Nombre, IdDirector, Edad, IdEstacion) values ('Alano Skidmore', 220714293, 57, 948736399157);
insert into Director (Nombre, IdDirector, Edad, IdEstacion) values ('Gayel Puve', 203875921, 78, 239320443099);
insert into Director (Nombre, IdDirector, Edad, IdEstacion) values ('Perice Fidian', 717171502, 51, 667908222405);
insert into Director (Nombre, IdDirector, Edad, IdEstacion) values ('Paule Attride', 312568624, 61, 120519772716);
insert into Director (Nombre, IdDirector, Edad, IdEstacion) values ('Junina Blinkhorn', 894409565, 75, 028375558748);
insert into Director (Nombre, IdDirector, Edad, IdEstacion) values ('Rowen Bandey', 473232851, 25, 871130356565);
insert into Director (Nombre, IdDirector, Edad, IdEstacion) values ('Mattie Bonin', 252783169, 31, 927855511350);
insert into Director (Nombre, IdDirector, Edad, IdEstacion) values ('Colby Peddersen', 841476110, 97, 541364221426);
insert into Director (Nombre, IdDirector, Edad, IdEstacion) values ('Wallis Eccleston', 937515397, 76, 683864052240);
insert into Director (Nombre, IdDirector, Edad, IdEstacion) values ('Meta Fishleigh', 185792089, 35, 459005184461);
insert into Director (Nombre, IdDirector, Edad, IdEstacion) values ('Galven Hurdiss', 266888114, 44, 527322245346);
insert into Director (Nombre, IdDirector, Edad, IdEstacion) values ('Care Vanni', 131606592, 37, 520027837078);
insert into Director (Nombre, IdDirector, Edad, IdEstacion) values ('Northrop Samudio', 427712415, 27, 003098930289);
insert into Director (Nombre, IdDirector, Edad, IdEstacion) values ('Kirby Duffree', 118383837, 79, 439480337767);
insert into Director (Nombre, IdDirector, Edad, IdEstacion) values ('Devlin Roebuck', 267351584, 49, 872190369923);
insert into Director (Nombre, IdDirector, Edad, IdEstacion) values ('Clarence Rolse', 113171295, 97, 999472818290);
insert into Director (Nombre, IdDirector, Edad, IdEstacion) values ('Eilis Van Haeften', 882971990, 45, 985225116825);
insert into Director (Nombre, IdDirector, Edad, IdEstacion) values ('Frasquito Pickthorn', 898772022, 40, 059676056899);
insert into Director (Nombre, IdDirector, Edad, IdEstacion) values ('Grantham Dominicacci', 961728500, 65, 276753256690);
insert into Director (Nombre, IdDirector, Edad, IdEstacion) values ('Berthe Thickens', 143293069, 78, 123601654274);
insert into Director (Nombre, IdDirector, Edad, IdEstacion) values ('Rey Poyser', 334747274, 52, 284920257720);
insert into Director (Nombre, IdDirector, Edad, IdEstacion) values ('Mae Bridle', 813805817, 88, 663027540450);
insert into Director (Nombre, IdDirector, Edad, IdEstacion) values ('Lynda Thys', 976144375, 22, 136818811848);
insert into Director (Nombre, IdDirector, Edad, IdEstacion) values ('Chris Quenell', 996316025, 60, 669047640629);
insert into Director (Nombre, IdDirector, Edad, IdEstacion) values ('Lona Muriel', 345321394, 89, 563601493664);
insert into Director (Nombre, IdDirector, Edad, IdEstacion) values ('Bud Mannin', 618397111, 98, 206420589508);
insert into Director (Nombre, IdDirector, Edad, IdEstacion) values ('Wat Kincade', 759680380, 74, 459412025830);
insert into Director (Nombre, IdDirector, Edad, IdEstacion) values ('Theobald McClounan', 338125178, 88, 368259370518);
insert into Director (Nombre, IdDirector, Edad, IdEstacion) values ('Charlean Stanistrete', 272971203, 49, 735431860004);
insert into Director (Nombre, IdDirector, Edad, IdEstacion) values ('Trent Denness', 436605188, 31, 387461967710);
insert into Director (Nombre, IdDirector, Edad, IdEstacion) values ('Henrieta Keysel', 278971448, 87, 115675391316);
insert into Director (Nombre, IdDirector, Edad, IdEstacion) values ('Celka Ferretti', 282326721, 91, 641749974183);
insert into Director (Nombre, IdDirector, Edad, IdEstacion) values ('Arvie Shobrook', 121241546, 45, 976369001406);
insert into Director (Nombre, IdDirector, Edad, IdEstacion) values ('Elladine Petz', 891478839, 88, 640751164445);
insert into Director (Nombre, IdDirector, Edad, IdEstacion) values ('Far Crock', 853135878, 65, 299559121941);
insert into Director (Nombre, IdDirector, Edad, IdEstacion) values ('Brittni Abbyss', 853438100, 85, 364760585150);
insert into Director (Nombre, IdDirector, Edad, IdEstacion) values ('Carey Hannam', 271834152, 62, 368101295642);
insert into Director (Nombre, IdDirector, Edad, IdEstacion) values ('Jacynth Berfoot', 291268780, 53, 610822545172);
insert into Director (Nombre, IdDirector, Edad, IdEstacion) values ('Donella Kitchener', 535170877, 29, 784467474754);
insert into Director (Nombre, IdDirector, Edad, IdEstacion) values ('Odey Goodship', 431599640, 53, 196364705815);
insert into Director (Nombre, IdDirector, Edad, IdEstacion) values ('Olivette Wendover', 652656501, 88, 505986976366);
insert into Director (Nombre, IdDirector, Edad, IdEstacion) values ('Gwendolyn Beeton', 846247889, 76, 141360026250);
insert into Director (Nombre, IdDirector, Edad, IdEstacion) values ('Isador Alfonsini', 898129853, 70, 683280538986);
insert into Director (Nombre, IdDirector, Edad, IdEstacion) values ('Angela Braemer', 859252209, 22, 707599535621);
insert into Director (Nombre, IdDirector, Edad, IdEstacion) values ('Koenraad Squirrell', 551337223, 93, 247607574446);
insert into Director (Nombre, IdDirector, Edad, IdEstacion) values ('Timotheus Stanford', 523221734, 51, 505438777097);
insert into Director (Nombre, IdDirector, Edad, IdEstacion) values ('Nessi Godfery', 973196554, 40, 758556551015);
insert into Director (Nombre, IdDirector, Edad, IdEstacion) values ('Rozelle Gleadle', 968133956, 78, 224564792225);
insert into Director (Nombre, IdDirector, Edad, IdEstacion) values ('Shannon Astman', 419657963, 49, 487156609727);
insert into Director (Nombre, IdDirector, Edad, IdEstacion) values ('Erick Macci', 330137223, 63, 515288508923);
insert into Director (Nombre, IdDirector, Edad, IdEstacion) values ('Shirley Rosin', 446607099, 68, 354058822702);
insert into Director (Nombre, IdDirector, Edad, IdEstacion) values ('Tabby Fosher', 120685904, 38, 450520544847);
insert into Director (Nombre, IdDirector, Edad, IdEstacion) values ('Darius Murray', 355891759, 37, 799646305985);
insert into Director (Nombre, IdDirector, Edad, IdEstacion) values ('Suellen Driuzzi', 811519278, 83, 491336676314);
insert into Director (Nombre, IdDirector, Edad, IdEstacion) values ('Ryun Buttfield', 607187198, 99, 429814551836);
insert into Director (Nombre, IdDirector, Edad, IdEstacion) values ('Tamra Fruish', 432986433, 23, 337484724220);
insert into Director (Nombre, IdDirector, Edad, IdEstacion) values ('Cele Coppenhall', 832636150, 61, 512257176639);
insert into Director (Nombre, IdDirector, Edad, IdEstacion) values ('Suellen Ziehms', 736733908, 81, 129819269711);
insert into Director (Nombre, IdDirector, Edad, IdEstacion) values ('Julio Rentilll', 180718075, 81, 996949820705);
insert into Director (Nombre, IdDirector, Edad, IdEstacion) values ('Reube Mackerel', 764578560, 20, 838553313983);
insert into Director (Nombre, IdDirector, Edad, IdEstacion) values ('Devondra Paute', 277350437, 50, 212385014844);
insert into Director (Nombre, IdDirector, Edad, IdEstacion) values ('Herschel Olman', 998361708, 79, 111635223044);
insert into Director (Nombre, IdDirector, Edad, IdEstacion) values ('Herculie Samarth', 875012086, 37, 553178164647);
insert into Director (Nombre, IdDirector, Edad, IdEstacion) values ('Etheline De Maine', 291179882, 72, 547797122854);
insert into Director (Nombre, IdDirector, Edad, IdEstacion) values ('Constantia Colton', 161154783, 78, 066608863613);
insert into Director (Nombre, IdDirector, Edad, IdEstacion) values ('Aldin Balsillie', 841274693, 86, 916488142614);
insert into Director (Nombre, IdDirector, Edad, IdEstacion) values ('Haze Copnar', 143290581, 46, 649044450984);
insert into Director (Nombre, IdDirector, Edad, IdEstacion) values ('Zaneta Cristofano', 852511222, 46, 892035171303);
insert into Director (Nombre, IdDirector, Edad, IdEstacion) values ('Edi Benitez', 131456159, 99, 471834532684);
insert into Director (Nombre, IdDirector, Edad, IdEstacion) values ('Janie Saph', 352383013, 33, 820475620172);
insert into Director (Nombre, IdDirector, Edad, IdEstacion) values ('Zarla Kingaby', 967731965, 61, 405764651419);